-- MySQL dump 10.13  Distrib 8.1.0, for macos14.0 (arm64)
--
-- Host: localhost    Database: music_lib
-- ------------------------------------------------------
-- Server version	8.1.0

/*!40101 SET @OLD_CHARACTER_SET_CLIENT=@@CHARACTER_SET_CLIENT */;
/*!40101 SET @OLD_CHARACTER_SET_RESULTS=@@CHARACTER_SET_RESULTS */;
/*!40101 SET @OLD_COLLATION_CONNECTION=@@COLLATION_CONNECTION */;
/*!50503 SET NAMES utf8mb4 */;
/*!40103 SET @OLD_TIME_ZONE=@@TIME_ZONE */;
/*!40103 SET TIME_ZONE='+00:00' */;
/*!40014 SET @OLD_UNIQUE_CHECKS=@@UNIQUE_CHECKS, UNIQUE_CHECKS=0 */;
/*!40014 SET @OLD_FOREIGN_KEY_CHECKS=@@FOREIGN_KEY_CHECKS, FOREIGN_KEY_CHECKS=0 */;
/*!40101 SET @OLD_SQL_MODE=@@SQL_MODE, SQL_MODE='NO_AUTO_VALUE_ON_ZERO' */;
/*!40111 SET @OLD_SQL_NOTES=@@SQL_NOTES, SQL_NOTES=0 */;

--
-- Table structure for table `app_artistmodel`
--

DROP TABLE IF EXISTS `app_artistmodel`;
/*!40101 SET @saved_cs_client     = @@character_set_client */;
/*!50503 SET character_set_client = utf8mb4 */;
CREATE TABLE `app_artistmodel` (
  `artist_id` int NOT NULL AUTO_INCREMENT,
  `artist_name` varchar(255) NOT NULL,
  PRIMARY KEY (`artist_id`)
) ENGINE=InnoDB AUTO_INCREMENT=5506 DEFAULT CHARSET=utf8mb4 COLLATE=utf8mb4_0900_ai_ci;
/*!40101 SET character_set_client = @saved_cs_client */;

--
-- Dumping data for table `app_artistmodel`
--

LOCK TABLES `app_artistmodel` WRITE;
/*!40000 ALTER TABLE `app_artistmodel` DISABLE KEYS */;
INSERT INTO `app_artistmodel` VALUES (5268,'花粥'),(5269,'李荣浩'),(5270,'王力宏'),(5271,'周传雄'),(5272,'于冬然'),(5273,'薛之谦'),(5274,'毛不易'),(5275,'周杰伦'),(5276,'花儿乐队'),(5277,'Backstreet Boys'),(5278,'风子'),(5279,'胜娚（王胜男）'),(5280,'李荣浩[music.migu.cn]'),(5281,'林俊杰'),(5282,'金莎'),(5283,'韩红'),(5284,'五月天'),(5285,'王嘉尔'),(5286,'胡彦斌'),(5287,'张靓颖'),(5288,'谭维维'),(5289,'彭席彦'),(5290,'蔡卓妍'),(5291,'张杰'),(5292,'kuwo'),(5293,'章子怡'),(5294,'卢巧音'),(5295,'那英'),(5296,'庾澄庆'),(5297,'Selina'),(5298,'李丽芬'),(5299,'Beyond'),(5300,'刘若英'),(5301,'邵帅'),(5302,'买辣椒也用券'),(5303,'王忻辰'),(5304,'苏星婕'),(5305,'梦然'),(5306,'是七叔呢'),(5307,'零一九零贰'),(5308,'风吹流年'),(5309,'涛少君'),(5310,'黄霄雲'),(5311,'回小仙'),(5312,'张学友'),(5313,'张宇'),(5314,'不是花火呀'),(5315,'陈奕迅'),(5316,'林俊杰[music.migu.cn]'),(5317,'梦想的声音'),(5318,'许嵩'),(5319,'群星'),(5320,'莫诗旎'),(5321,'金志文'),(5322,'沈腾'),(5323,'叶倩文'),(5324,'Westlife'),(5325,'海来阿木'),(5326,'黄龄'),(5327,'何曼婷'),(5328,'颜人中'),(5329,'黄征'),(5330,'羽泉'),(5331,'小阿枫'),(5332,'张信哲'),(5333,'游鸿明'),(5334,'罗志祥'),(5335,'大籽'),(5336,'华语群星'),(5337,'张艺兴'),(5338,'东来东往'),(5339,'雷诺儿'),(5340,'刘欢'),(5341,'许巍'),(5342,'等什么君'),(5343,'王菲'),(5344,'青鸟飞鱼'),(5345,'校长（张驰）'),(5346,'李玟'),(5347,'斑马森林'),(5348,'陈小春'),(5349,'张敬轩'),(5350,'韩安旭'),(5351,'萧敬腾'),(5352,'徐良'),(5353,'阿悄'),(5354,'任然'),(5355,'刘惜君'),(5356,'马天宇'),(5357,'LOKEY低调组合'),(5358,'陈旭'),(5359,'蔡依林'),(5360,'郭聪明'),(5361,'汪苏泷'),(5362,'杨千嬅'),(5363,'任贤齐'),(5364,'袁咏琳'),(5365,'谢霆锋'),(5366,'梁静茹'),(5367,'郝云'),(5368,'单小源'),(5369,'吴克群'),(5370,'王心凌'),(5371,'陶喆'),(5372,'花僮'),(5373,'李袁杰'),(5374,'胡歌'),(5375,'周深'),(5376,'小沈阳'),(5377,'汤潮'),(5378,'蒋雪儿'),(5379,'Uu'),(5380,'胡夏'),(5381,'海鸣威'),(5382,'陈雪凝'),(5383,'石头剪子布'),(5384,'林宥嘉'),(5385,'李易峰'),(5386,'张碧晨'),(5387,'朴树'),(5388,'费玉清'),(5389,'海伦'),(5390,'宋瑞'),(5391,'梦瑾'),(5392,'气质韩'),(5393,'王强'),(5394,'誓言'),(5395,'王大毛'),(5396,'陈立农'),(5397,'梁心颐'),(5398,'莫文蔚'),(5399,'沈孝'),(5400,'程响'),(5401,'李圣杰'),(5402,'陈绮贞'),(5403,'阿杜'),(5404,'信乐团'),(5405,'安琥'),(5406,'老狼'),(5407,'后弦'),(5408,'刘美麟'),(5409,'孙燕姿'),(5410,'白小白'),(5411,'攀娘'),(5412,'扎哥'),(5413,'温岚'),(5414,'要不要买菜'),(5415,'零点乐队'),(5416,'王婧'),(5417,'苏打绿'),(5418,'欧阳娜娜'),(5419,'抖音热歌'),(5420,'陈烁'),(5421,'杨宗纬'),(5422,'范玮琪'),(5423,'S.H.E'),(5424,'张韶涵'),(5425,'闻人听書_'),(5426,'迪丽热巴'),(5427,'李克勤'),(5428,'枯木逢春'),(5429,'何炅'),(5430,'王诗龄'),(5431,'飞轮海'),(5432,'田馥甄'),(5433,'郁可唯'),(5434,'GALA'),(5435,'杨丞琳'),(5436,'Fool\'s Garden'),(5437,'Michael Learns To Rock'),(5438,'江珊'),(5439,'于春洋'),(5440,'王宇宙Leto'),(5441,'野小马'),(5442,'凤凰传奇'),(5443,'李朝'),(5444,'小阿七'),(5445,'T.R.Y'),(5446,'柯柯柯啊'),(5447,'陈柯宇'),(5448,'红小乐'),(5449,'DJ王展鹏'),(5450,'麦小兜'),(5451,'刘可'),(5452,'李俊男'),(5453,'陈慧娴'),(5454,'付雪'),(5455,'李宗盛'),(5456,'赵咏华'),(5457,'司南'),(5458,'吕口口'),(5459,'陈小虎'),(5460,'岳云鹏'),(5461,'抠抠'),(5462,'李俊佑'),(5463,'流浪兄弟'),(5464,'慕容晓晓'),(5465,'兔裹煎蛋卷'),(5466,'王小帅'),(5467,'小鬼阿秋'),(5468,'小乐哥（王唯乐）'),(5469,'星野'),(5470,'野哥'),(5471,'一颗狼星'),(5472,'伊格赛听'),(5473,'不靠谱组合'),(5474,'余又'),(5475,'袁小葳'),(5476,'张茜'),(5477,'周林'),(5478,'就是南方凯'),(5479,'Athletics'),(5480,'朝克吉勒图'),(5481,'陈其楠'),(5482,'久石譲'),(5483,'Audiomachine'),(5484,'Dennis Kuo'),(5485,'Eugene Star'),(5486,'Josh Vietti'),(5487,'Lindsey Stirling'),(5488,'Liquid Cinema'),(5489,'Valentin'),(5490,'昨夜派对'),(5491,'陈奕迅[12530.com]'),(5492,'苦荣'),(5493,'小苦妹'),(5494,'吴君如'),(5495,'梁汉文'),(5496,'露云娜'),(5497,'eason and the duo band'),(5498,'MastaMic'),(5499,'姜丽文'),(5500,'ROSÉ|Bruno Mars'),(5501,'云朵'),(5502,'Sam Lin'),(5503,'DJ阿布'),(5504,'弹棉花的小花'),(5505,'Versutus');
/*!40000 ALTER TABLE `app_artistmodel` ENABLE KEYS */;
UNLOCK TABLES;

--
-- Table structure for table `app_song2artistmodel`
--

DROP TABLE IF EXISTS `app_song2artistmodel`;
/*!40101 SET @saved_cs_client     = @@character_set_client */;
/*!50503 SET character_set_client = utf8mb4 */;
CREATE TABLE `app_song2artistmodel` (
  `id` bigint NOT NULL AUTO_INCREMENT,
  `artist_id` int NOT NULL,
  `song_id` int NOT NULL,
  PRIMARY KEY (`id`),
  KEY `app_song2artistmodel_artist_id_79e57ac0_fk_app_artis` (`artist_id`),
  KEY `app_song2artistmodel_song_id_db12af5b_fk` (`song_id`),
  CONSTRAINT `app_song2artistmodel_artist_id_79e57ac0_fk_app_artis` FOREIGN KEY (`artist_id`) REFERENCES `app_artistmodel` (`artist_id`),
  CONSTRAINT `app_song2artistmodel_song_id_db12af5b_fk` FOREIGN KEY (`song_id`) REFERENCES `app_songmodel` (`song_id`)
) ENGINE=InnoDB AUTO_INCREMENT=18111 DEFAULT CHARSET=utf8mb4 COLLATE=utf8mb4_0900_ai_ci;
/*!40101 SET character_set_client = @saved_cs_client */;

--
-- Dumping data for table `app_song2artistmodel`
--

LOCK TABLES `app_song2artistmodel` WRITE;
/*!40000 ALTER TABLE `app_song2artistmodel` DISABLE KEYS */;
INSERT INTO `app_song2artistmodel` VALUES (16997,5268,1),(16998,5269,2),(16999,5270,3),(17000,5271,4),(17001,5272,5),(17002,5273,6),(17003,5268,7),(17004,5274,8),(17005,5275,9),(17006,5276,10),(17007,5277,11),(17008,5277,12),(17009,5277,13),(17010,5277,14),(17011,5277,15),(17012,5277,16),(17013,5277,17),(17014,5277,18),(17015,5268,19),(17016,5268,20),(17017,5268,21),(17018,5268,22),(17019,5268,23),(17020,5268,24),(17021,5278,24),(17022,5268,25),(17023,5279,25),(17024,5269,26),(17025,5269,27),(17026,5280,28),(17027,5269,29),(17028,5269,30),(17029,5281,31),(17030,5281,32),(17031,5281,33),(17032,5282,34),(17033,5281,34),(17034,5281,35),(17035,5281,36),(17036,5281,37),(17037,5281,38),(17038,5283,39),(17039,5281,39),(17040,5281,40),(17041,5284,40),(17042,5281,41),(17043,5281,42),(17044,5281,43),(17045,5281,44),(17046,5281,45),(17047,5281,46),(17048,5281,47),(17049,5281,48),(17050,5281,49),(17051,5281,50),(17052,5281,51),(17053,5282,51),(17054,5281,52),(17055,5281,53),(17056,5281,54),(17057,5281,55),(17058,5281,56),(17059,5281,57),(17060,5285,57),(17061,5286,57),(17062,5287,57),(17063,5288,57),(17064,5289,57),(17065,5290,58),(17066,5281,58),(17067,5281,59),(17068,5281,60),(17069,5281,61),(17070,5281,62),(17071,5281,63),(17072,5281,64),(17073,5281,65),(17074,5281,66),(17075,5281,67),(17076,5281,68),(17077,5291,69),(17078,5281,69),(17079,5281,70),(17080,5281,71),(17081,5281,72),(17082,5292,73),(17083,5274,74),(17084,5270,75),(17085,5293,75),(17086,5270,76),(17087,5270,77),(17088,5294,78),(17089,5270,78),(17090,5270,79),(17091,5270,80),(17092,5270,81),(17093,5269,81),(17094,5295,81),(17095,5296,81),(17096,5270,82),(17097,5297,82),(17098,5270,83),(17099,5270,84),(17100,5270,85),(17101,5270,86),(17102,5288,86),(17103,5298,87),(17104,5299,88),(17105,5300,89),(17106,5301,90),(17107,5302,91),(17108,5303,92),(17109,5304,92),(17110,5305,93),(17111,5306,94),(17112,5307,95),(17113,5308,96),(17114,5309,97),(17115,5310,98),(17116,5311,99),(17117,5275,100),(17118,5312,101),(17119,5313,102),(17120,5314,103),(17121,5315,104),(17122,5315,105),(17123,5315,106),(17124,5315,107),(17125,5315,108),(17126,5315,109),(17127,5315,110),(17128,5315,111),(17129,5315,112),(17130,5315,113),(17131,5315,114),(17132,5281,115),(17133,5316,116),(17134,5281,117),(17135,5317,118),(17136,5318,119),(17137,5318,120),(17138,5319,121),(17139,5318,122),(17140,5318,123),(17141,5320,123),(17142,5321,124),(17143,5322,125),(17144,5323,126),(17145,5324,127),(17146,5324,128),(17147,5324,129),(17148,5324,130),(17149,5324,131),(17150,5324,132),(17151,5324,133),(17152,5324,134),(17153,5324,135),(17154,5324,136),(17155,5324,137),(17156,5324,138),(17157,5318,139),(17158,5325,140),(17159,5318,141),(17160,5318,142),(17161,5318,143),(17162,5318,144),(17163,5318,145),(17164,5318,146),(17165,5318,147),(17166,5318,148),(17167,5318,149),(17168,5318,150),(17169,5318,151),(17170,5318,152),(17171,5318,153),(17172,5318,154),(17173,5318,155),(17174,5326,155),(17175,5318,156),(17176,5318,157),(17177,5318,158),(17178,5318,159),(17179,5318,160),(17180,5318,161),(17181,5318,162),(17182,5318,163),(17183,5318,164),(17184,5318,165),(17185,5318,166),(17186,5327,166),(17187,5318,167),(17188,5318,168),(17189,5318,169),(17190,5318,170),(17191,5318,171),(17192,5318,172),(17193,5318,173),(17194,5318,174),(17195,5318,175),(17196,5318,176),(17197,5318,177),(17198,5318,178),(17199,5318,179),(17200,5318,180),(17201,5273,181),(17202,5273,182),(17203,5273,183),(17204,5271,184),(17205,5271,185),(17206,5271,186),(17207,5271,187),(17208,5271,188),(17209,5271,189),(17210,5271,190),(17211,5271,191),(17212,5328,191),(17213,5275,192),(17214,5275,193),(17215,5275,194),(17216,5275,195),(17217,5329,196),(17218,5330,196),(17219,5275,197),(17220,5275,198),(17221,5331,199),(17222,5315,200),(17223,5332,201),(17224,5333,202),(17225,5281,203),(17226,5275,204),(17227,5334,205),(17228,5273,206),(17229,5275,207),(17230,5275,208),(17231,5315,209),(17232,5335,210),(17233,5318,211),(17234,5275,212),(17235,5336,213),(17236,5275,214),(17237,5273,215),(17238,5332,216),(17239,5337,216),(17240,5338,217),(17241,5339,218),(17242,5275,219),(17243,5275,220),(17244,5269,221),(17245,5275,222),(17246,5281,223),(17247,5315,224),(17248,5315,225),(17249,5284,226),(17250,5295,227),(17251,5275,227),(17252,5340,227),(17253,5315,227),(17254,5341,228),(17255,5275,229),(17256,5274,230),(17257,5342,231),(17258,5273,232),(17259,5343,233),(17260,5342,234),(17261,5344,235),(17262,5343,236),(17263,5275,237),(17264,5345,238),(17265,5315,239),(17266,5346,240),(17267,5275,240),(17268,5269,241),(17269,5347,241),(17270,5275,242),(17271,5275,243),(17272,5275,244),(17273,5281,245),(17274,5274,246),(17275,5273,247),(17276,5281,248),(17277,5348,249),(17278,5273,250),(17279,5349,251),(17280,5275,252),(17281,5318,253),(17282,5350,254),(17283,5275,255),(17284,5284,256),(17285,5351,256),(17286,5275,257),(17287,5352,258),(17288,5353,258),(17289,5273,259),(17290,5354,260),(17291,5355,261),(17292,5274,261),(17293,5275,262),(17294,5281,263),(17295,5315,264),(17296,5315,265),(17297,5356,266),(17298,5284,267),(17299,5273,268),(17300,5273,269),(17301,5275,270),(17302,5357,270),(17303,5358,271),(17304,5275,272),(17305,5359,272),(17306,5275,273),(17307,5332,274),(17308,5359,275),(17309,5275,275),(17310,5273,276),(17311,5360,276),(17312,5275,277),(17313,5315,278),(17314,5286,279),(17315,5361,280),(17316,5352,280),(17317,5284,281),(17318,5273,282),(17319,5362,283),(17320,5363,283),(17321,5275,284),(17322,5364,284),(17323,5365,285),(17324,5275,286),(17325,5366,287),(17326,5367,288),(17327,5275,289),(17328,5275,290),(17329,5368,291),(17330,5281,292),(17331,5369,293),(17332,5284,294),(17333,5370,295),(17334,5274,296),(17335,5275,297),(17336,5318,298),(17337,5371,299),(17338,5275,300),(17339,5284,301),(17340,5275,302),(17341,5366,303),(17342,5281,304),(17343,5275,305),(17344,5372,306),(17345,5318,307),(17346,5269,308),(17347,5319,309),(17348,5284,310),(17349,5269,310),(17350,5373,311),(17351,5284,312),(17352,5273,313),(17353,5355,313),(17354,5343,314),(17355,5374,315),(17356,5275,316),(17357,5269,317),(17358,5273,318),(17359,5318,319),(17360,5274,320),(17361,5375,320),(17362,5376,321),(17363,5377,321),(17364,5281,322),(17365,5275,323),(17366,5275,324),(17367,5275,325),(17368,5275,326),(17369,5275,327),(17370,5291,328),(17371,5273,329),(17372,5378,330),(17373,5274,331),(17374,5379,332),(17375,5380,333),(17376,5284,334),(17377,5284,335),(17378,5315,336),(17379,5381,337),(17380,5382,338),(17381,5315,339),(17382,5318,340),(17383,5383,340),(17384,5376,341),(17385,5301,341),(17386,5301,342),(17387,5384,343),(17388,5385,344),(17389,5269,345),(17390,5275,346),(17391,5366,347),(17392,5284,348),(17393,5284,349),(17394,5284,350),(17395,5315,351),(17396,5273,352),(17397,5275,353),(17398,5386,354),(17399,5275,355),(17400,5274,356),(17401,5387,357),(17402,5275,358),(17403,5318,359),(17404,5273,360),(17405,5275,361),(17406,5388,361),(17407,5389,362),(17408,5274,363),(17409,5390,364),(17410,5391,364),(17411,5392,364),(17412,5275,365),(17413,5393,366),(17414,5394,367),(17415,5395,368),(17416,5315,369),(17417,5275,370),(17418,5273,371),(17419,5359,372),(17420,5274,373),(17421,5269,374),(17422,5396,374),(17423,5287,375),(17424,5284,376),(17425,5284,377),(17426,5275,378),(17427,5275,379),(17428,5397,379),(17429,5284,380),(17430,5284,381),(17431,5275,382),(17432,5273,383),(17433,5387,384),(17434,5398,385),(17435,5284,386),(17436,5315,387),(17437,5399,388),(17438,5400,389),(17439,5401,390),(17440,5275,391),(17441,5275,392),(17442,5275,393),(17443,5384,394),(17444,5275,395),(17445,5284,396),(17446,5402,396),(17447,5403,397),(17448,5404,398),(17449,5273,399),(17450,5318,400),(17451,5327,400),(17452,5403,401),(17453,5275,402),(17454,5269,403),(17455,5315,404),(17456,5273,405),(17457,5273,406),(17458,5284,407),(17459,5405,408),(17460,5273,409),(17461,5284,410),(17462,5406,411),(17463,5284,412),(17464,5269,412),(17465,5351,412),(17466,5274,412),(17467,5284,413),(17468,5275,414),(17469,5407,415),(17470,5275,416),(17471,5361,417),(17472,5273,418),(17473,5273,419),(17474,5318,420),(17475,5408,420),(17476,5284,421),(17477,5284,422),(17478,5409,422),(17479,5349,423),(17480,5410,424),(17481,5275,425),(17482,5284,426),(17483,5273,427),(17484,5411,428),(17485,5412,428),(17486,5275,429),(17487,5284,430),(17488,5275,431),(17489,5413,431),(17490,5414,432),(17491,5273,433),(17492,5284,434),(17493,5415,435),(17494,5284,436),(17495,5406,437),(17496,5416,437),(17497,5269,438),(17498,5273,439),(17499,5274,440),(17500,5274,441),(17501,5417,442),(17502,5361,443),(17503,5273,444),(17504,5418,444),(17505,5372,445),(17506,5372,446),(17507,5284,447),(17508,5269,448),(17509,5275,449),(17510,5284,450),(17511,5275,451),(17512,5282,452),(17513,5419,453),(17514,5420,453),(17515,5273,454),(17516,5273,455),(17517,5284,456),(17518,5275,457),(17519,5421,458),(17520,5275,459),(17521,5273,460),(17522,5275,461),(17523,5274,462),(17524,5422,463),(17525,5275,464),(17526,5281,465),(17527,5315,466),(17528,5423,467),(17529,5273,468),(17530,5315,469),(17531,5343,469),(17532,5315,470),(17533,5424,471),(17534,5366,472),(17535,5389,473),(17536,5273,474),(17537,5425,475),(17538,5426,476),(17539,5274,476),(17540,5275,477),(17541,5427,478),(17542,5428,479),(17543,5284,480),(17544,5429,481),(17545,5430,481),(17546,5275,482),(17547,5431,483),(17548,5432,483),(17549,5273,484),(17550,5433,484),(17551,5281,485),(17552,5423,486),(17553,5275,487),(17554,5434,488),(17555,5422,489),(17556,5273,490),(17557,5275,491),(17558,5281,492),(17559,5275,493),(17560,5284,494),(17561,5435,495),(17562,5315,496),(17563,5436,497),(17564,5275,498),(17565,5437,499),(17566,5275,500),(17567,5275,501),(17568,5275,502),(17569,5275,503),(17570,5275,504),(17571,5275,505),(17572,5275,506),(17573,5275,507),(17574,5275,508),(17575,5275,509),(17576,5275,510),(17577,5275,511),(17578,5275,512),(17579,5275,513),(17580,5275,514),(17581,5275,515),(17582,5275,516),(17583,5275,517),(17584,5275,518),(17585,5275,519),(17586,5275,520),(17587,5275,521),(17588,5275,522),(17589,5275,523),(17590,5275,524),(17591,5275,525),(17592,5275,526),(17593,5275,527),(17594,5275,528),(17595,5438,529),(17596,5295,530),(17597,5425,531),(17598,5275,532),(17599,5275,533),(17600,5275,534),(17601,5275,535),(17602,5275,536),(17603,5275,537),(17604,5275,538),(17605,5275,539),(17606,5275,540),(17607,5275,541),(17608,5275,542),(17609,5275,543),(17610,5275,544),(17611,5275,545),(17612,5275,546),(17613,5275,547),(17614,5275,548),(17615,5275,549),(17616,5275,550),(17617,5275,551),(17618,5275,552),(17619,5275,553),(17620,5275,554),(17621,5275,555),(17622,5275,556),(17623,5275,557),(17624,5275,558),(17625,5275,559),(17626,5275,560),(17627,5275,561),(17628,5275,562),(17629,5275,563),(17630,5275,564),(17631,5275,565),(17632,5275,566),(17633,5275,567),(17634,5275,568),(17635,5275,569),(17636,5439,570),(17637,5439,571),(17638,5440,572),(17639,5441,573),(17640,5442,574),(17641,5442,575),(17642,5442,576),(17643,5443,577),(17644,5387,578),(17645,5444,579),(17646,5362,580),(17647,5362,581),(17648,5386,582),(17649,5444,583),(17650,5350,584),(17651,5445,585),(17652,5304,586),(17653,5446,587),(17654,5407,588),(17655,5447,589),(17656,5448,590),(17657,5400,591),(17658,5449,592),(17659,5450,593),(17660,5451,594),(17661,5452,595),(17662,5318,596),(17663,5453,597),(17664,5454,598),(17665,5455,599),(17666,5356,600),(17667,5456,601),(17668,5292,602),(17669,5457,603),(17670,5458,604),(17671,5459,605),(17672,5343,606),(17673,5460,607),(17674,5375,608),(17675,5461,609),(17676,5462,610),(17677,5463,611),(17678,5464,612),(17679,5465,613),(17680,5466,614),(17681,5467,615),(17682,5468,616),(17683,5469,617),(17684,5470,618),(17685,5470,619),(17686,5471,620),(17687,5472,621),(17688,5473,621),(17689,5474,622),(17690,5475,623),(17691,5476,624),(17692,5477,625),(17693,5478,626),(17694,5479,627),(17695,5480,628),(17696,5481,629),(17697,5482,630),(17698,5483,631),(17699,5484,632),(17700,5485,633),(17701,5486,634),(17702,5487,635),(17703,5488,636),(17704,5489,637),(17705,5270,638),(17706,5490,639),(17707,5315,640),(17708,5315,641),(17709,5315,642),(17710,5315,643),(17711,5315,644),(17712,5315,645),(17713,5315,646),(17714,5315,647),(17715,5315,648),(17716,5315,649),(17717,5315,650),(17718,5315,651),(17719,5315,652),(17720,5315,653),(17721,5315,654),(17722,5315,655),(17723,5315,656),(17724,5315,657),(17725,5315,658),(17726,5315,659),(17727,5315,660),(17728,5315,661),(17729,5315,662),(17730,5315,663),(17731,5315,664),(17732,5315,665),(17733,5315,666),(17734,5315,667),(17735,5315,668),(17736,5315,669),(17737,5315,670),(17738,5315,671),(17739,5315,672),(17740,5315,673),(17741,5315,674),(17742,5315,675),(17743,5315,676),(17744,5315,677),(17745,5315,678),(17746,5315,679),(17747,5315,680),(17748,5315,681),(17749,5315,682),(17750,5315,683),(17751,5315,684),(17752,5315,685),(17753,5315,686),(17754,5315,687),(17755,5315,688),(17756,5315,689),(17757,5315,690),(17758,5315,691),(17759,5315,692),(17760,5315,693),(17761,5315,694),(17762,5315,695),(17763,5315,696),(17764,5315,697),(17765,5315,698),(17766,5315,699),(17767,5315,700),(17768,5315,701),(17769,5315,702),(17770,5315,703),(17771,5315,704),(17772,5315,705),(17773,5315,706),(17774,5315,707),(17775,5315,708),(17776,5315,709),(17777,5315,710),(17778,5315,711),(17779,5315,712),(17780,5315,713),(17781,5315,714),(17782,5315,715),(17783,5315,716),(17784,5315,717),(17785,5315,718),(17786,5315,719),(17787,5315,720),(17788,5315,721),(17789,5315,722),(17790,5315,723),(17791,5315,724),(17792,5315,725),(17793,5315,726),(17794,5315,727),(17795,5315,728),(17796,5315,729),(17797,5315,730),(17798,5315,731),(17799,5315,732),(17800,5315,733),(17801,5315,734),(17802,5315,735),(17803,5315,736),(17804,5315,737),(17805,5315,738),(17806,5315,739),(17807,5315,740),(17808,5315,741),(17809,5315,742),(17810,5315,743),(17811,5315,744),(17812,5315,745),(17813,5315,746),(17814,5315,747),(17815,5315,748),(17816,5315,749),(17817,5315,750),(17818,5315,751),(17819,5315,752),(17820,5315,753),(17821,5315,754),(17822,5315,755),(17823,5315,756),(17824,5315,757),(17825,5315,758),(17826,5315,759),(17827,5315,760),(17828,5315,761),(17829,5315,762),(17830,5315,763),(17831,5315,764),(17832,5315,765),(17833,5315,766),(17834,5315,767),(17835,5315,768),(17836,5315,769),(17837,5315,770),(17838,5315,771),(17839,5491,772),(17840,5315,773),(17841,5315,774),(17842,5315,775),(17843,5315,776),(17844,5315,777),(17845,5315,778),(17846,5315,779),(17847,5315,780),(17848,5315,781),(17849,5315,782),(17850,5315,783),(17851,5315,784),(17852,5315,785),(17853,5315,786),(17854,5315,787),(17855,5315,788),(17856,5315,789),(17857,5315,790),(17858,5315,791),(17859,5315,792),(17860,5315,793),(17861,5315,794),(17862,5315,795),(17863,5315,796),(17864,5315,797),(17865,5315,798),(17866,5315,799),(17867,5315,800),(17868,5315,801),(17869,5315,802),(17870,5315,803),(17871,5315,804),(17872,5315,805),(17873,5315,806),(17874,5315,807),(17875,5315,808),(17876,5315,809),(17877,5315,810),(17878,5315,811),(17879,5315,812),(17880,5315,813),(17881,5315,814),(17882,5315,815),(17883,5315,816),(17884,5315,817),(17885,5315,818),(17886,5315,819),(17887,5315,820),(17888,5315,821),(17889,5315,822),(17890,5315,823),(17891,5315,824),(17892,5315,825),(17893,5315,826),(17894,5315,827),(17895,5315,828),(17896,5315,829),(17897,5315,830),(17898,5315,831),(17899,5315,832),(17900,5315,833),(17901,5315,834),(17902,5315,835),(17903,5315,836),(17904,5315,837),(17905,5315,838),(17906,5315,839),(17907,5315,840),(17908,5315,841),(17909,5315,842),(17910,5315,843),(17911,5315,844),(17912,5315,845),(17913,5315,846),(17914,5315,847),(17915,5315,848),(17916,5315,849),(17917,5315,850),(17918,5315,851),(17919,5315,852),(17920,5315,853),(17921,5315,854),(17922,5315,855),(17923,5315,856),(17924,5315,857),(17925,5315,858),(17926,5315,859),(17927,5315,860),(17928,5315,861),(17929,5315,862),(17930,5315,863),(17931,5315,864),(17932,5315,865),(17933,5315,866),(17934,5315,867),(17935,5315,868),(17936,5315,869),(17937,5315,870),(17938,5315,871),(17939,5315,872),(17940,5315,873),(17941,5315,874),(17942,5315,875),(17943,5315,876),(17944,5315,877),(17945,5315,878),(17946,5315,879),(17947,5315,880),(17948,5315,881),(17949,5315,882),(17950,5315,883),(17951,5315,884),(17952,5315,885),(17953,5315,886),(17954,5315,887),(17955,5315,888),(17956,5315,889),(17957,5315,890),(17958,5315,891),(17959,5315,892),(17960,5315,893),(17961,5315,894),(17962,5315,895),(17963,5315,896),(17964,5315,897),(17965,5315,898),(17966,5315,899),(17967,5315,900),(17968,5315,901),(17969,5315,902),(17970,5315,903),(17971,5315,904),(17972,5315,905),(17973,5315,906),(17974,5315,907),(17975,5315,908),(17976,5315,909),(17977,5315,910),(17978,5315,911),(17979,5315,912),(17980,5315,913),(17981,5315,914),(17982,5315,915),(17983,5315,916),(17984,5315,917),(17985,5315,918),(17986,5315,919),(17987,5315,920),(17988,5315,921),(17989,5315,922),(17990,5315,923),(17991,5315,924),(17992,5315,925),(17993,5315,926),(17994,5315,927),(17995,5315,928),(17996,5315,929),(17997,5315,930),(17998,5315,931),(17999,5315,932),(18000,5315,933),(18001,5315,934),(18002,5315,935),(18003,5315,936),(18004,5315,937),(18005,5315,938),(18006,5315,939),(18007,5315,940),(18008,5315,941),(18009,5315,942),(18010,5315,943),(18011,5315,944),(18012,5315,945),(18013,5315,946),(18014,5315,947),(18015,5315,948),(18016,5315,949),(18017,5315,950),(18018,5315,951),(18019,5315,952),(18020,5315,953),(18021,5315,954),(18022,5315,955),(18023,5315,956),(18024,5315,957),(18025,5315,958),(18026,5315,959),(18027,5315,960),(18028,5315,961),(18029,5315,962),(18030,5315,963),(18031,5315,964),(18032,5315,965),(18033,5315,966),(18034,5315,967),(18035,5315,968),(18036,5315,969),(18037,5315,970),(18038,5315,971),(18039,5315,972),(18040,5315,973),(18041,5315,974),(18042,5315,975),(18043,5315,976),(18044,5315,977),(18045,5315,978),(18046,5315,979),(18047,5315,980),(18048,5492,980),(18049,5315,981),(18050,5492,981),(18051,5315,982),(18052,5492,982),(18053,5493,982),(18054,5494,982),(18055,5315,983),(18056,5492,983),(18057,5493,983),(18058,5494,983),(18059,5315,984),(18060,5495,984),(18061,5315,985),(18062,5496,985),(18063,5315,986),(18064,5398,986),(18065,5315,987),(18066,5493,987),(18067,5315,988),(18068,5365,988),(18069,5315,989),(18070,5312,989),(18071,5315,990),(18072,5497,990),(18073,5315,991),(18074,5497,991),(18075,5315,992),(18076,5497,992),(18077,5315,993),(18078,5497,993),(18079,5315,994),(18080,5497,994),(18081,5315,995),(18082,5497,995),(18083,5315,996),(18084,5497,996),(18085,5315,997),(18086,5497,997),(18087,5315,998),(18088,5497,998),(18089,5315,999),(18090,5497,999),(18091,5315,1000),(18092,5497,1000),(18093,5315,1001),(18094,5497,1001),(18095,5315,1002),(18096,5497,1002),(18097,5315,1003),(18098,5497,1003),(18099,5315,1004),(18100,5497,1004),(18101,5315,1005),(18102,5498,1005),(18103,5499,1005),(18104,5500,1006),(18105,5501,1007),(18106,5502,1008),(18107,5439,1009),(18108,5503,1009),(18109,5504,1010),(18110,5505,1011);
/*!40000 ALTER TABLE `app_song2artistmodel` ENABLE KEYS */;
UNLOCK TABLES;

--
-- Table structure for table `app_songmodel`
--

DROP TABLE IF EXISTS `app_songmodel`;
/*!40101 SET @saved_cs_client     = @@character_set_client */;
/*!50503 SET character_set_client = utf8mb4 */;
CREATE TABLE `app_songmodel` (
  `song_id` int NOT NULL AUTO_INCREMENT,
  `song_name` varchar(255) NOT NULL,
  `duration` int NOT NULL,
  `media_type` int NOT NULL,
  `sq_file_name` varchar(255) NOT NULL,
  `sq_file_path` varchar(255) NOT NULL,
  `hq_file_name` varchar(255) NOT NULL,
  `hq_file_path` varchar(255) NOT NULL,
  `cover_path` varchar(255) NOT NULL,
  `added_time` datetime(6) NOT NULL,
  `updated_time` datetime(6) NOT NULL,
  PRIMARY KEY (`song_id`)
) ENGINE=InnoDB AUTO_INCREMENT=1012 DEFAULT CHARSET=utf8mb4 COLLATE=utf8mb4_0900_ai_ci;
/*!40101 SET character_set_client = @saved_cs_client */;

--
-- Dumping data for table `app_songmodel`
--

LOCK TABLES `app_songmodel` WRITE;
/*!40000 ALTER TABLE `app_songmodel` DISABLE KEYS */;
INSERT INTO `app_songmodel` VALUES (1,'舍离书',127,1,'花粥 - 舍离书.flac','/Volumes/MdieaLib/音乐库/花粥 - 舍离书.flac','','','','2024-12-16 14:20:56.345776','2024-12-16 14:20:56.345794'),(2,'爸爸妈妈',284,1,'李荣浩 - 爸爸妈妈.flac','/Volumes/MdieaLib/音乐库/李荣浩 - 爸爸妈妈.flac','','','','2024-12-16 14:20:56.430655','2024-12-16 14:20:56.430674'),(3,'大城小爱',224,1,'大城小爱 - 王力宏.flac','/Volumes/MdieaLib/音乐库/大城小爱 - 王力宏.flac','','','','2024-12-16 14:20:56.515177','2024-12-16 14:20:56.515194'),(4,'冬天的秘密',272,1,'冬天的秘密 - 周传雄.flac','/Volumes/MdieaLib/音乐库/冬天的秘密 - 周传雄.flac','','','','2024-12-16 14:20:56.572289','2024-12-16 14:20:56.572308'),(5,'听说你',239,2,'于冬然 - 听说你.flac','/Volumes/MdieaLib/音乐库/于冬然 - 听说你.flac','于冬然 - 听说你.mp3','/Volumes/MdieaLib/音乐库/于冬然 - 听说你.mp3','','2024-12-16 14:20:56.644794','2024-12-16 14:22:06.369273'),(6,'丑八怪',248,1,'薛之谦 - 丑八怪.flac','/Volumes/MdieaLib/音乐库/薛之谦 - 丑八怪.flac','','','','2024-12-16 14:20:56.696522','2024-12-16 14:20:56.696536'),(7,'是红',182,1,'花粥 - 是红.flac','/Volumes/MdieaLib/音乐库/花粥 - 是红.flac','','','','2024-12-16 14:20:56.784814','2024-12-16 14:20:56.784830'),(8,'不染',325,1,'毛不易 - 不染.flac','/Volumes/MdieaLib/音乐库/毛不易 - 不染.flac','','','','2024-12-16 14:20:56.929622','2024-12-16 14:20:56.929638'),(9,'可爱女人',239,1,'01. 可爱女人.flac','/Volumes/MdieaLib/音乐库/01. 可爱女人.flac','','','','2024-12-16 14:20:57.038390','2024-12-16 14:20:57.038411'),(10,'穷开心',198,1,'穷开心 - 花儿乐队.flac','/Volumes/MdieaLib/音乐库/穷开心 - 花儿乐队.flac','','','','2024-12-16 14:20:57.175573','2024-12-16 14:20:57.175589'),(11,'I Need You Tonight',263,1,'I Need You Tonight - Backstreet Boys.flac','/Volumes/MdieaLib/音乐库/I Need You Tonight - Backstreet Boys.flac','','','','2024-12-16 14:20:57.417288','2024-12-16 14:20:57.417303'),(12,'I Want It That Way',215,1,'I Want It That Way - Backstreet Boys.flac','/Volumes/MdieaLib/音乐库/I Want It That Way - Backstreet Boys.flac','','','','2024-12-16 14:20:57.488642','2024-12-16 14:20:57.488656'),(13,'Larger Than Life',234,2,'','','Larger Than Life - Backstreet Boys.mp3','/Volumes/MdieaLib/音乐库/Larger Than Life - Backstreet Boys.mp3','','2024-12-16 14:20:57.657192','2024-12-16 14:20:57.657205'),(14,'Never Gone',225,1,'Never Gone - Backstreet Boys.flac','/Volumes/MdieaLib/音乐库/Never Gone - Backstreet Boys.flac','','','','2024-12-16 14:20:57.762428','2024-12-16 14:20:57.762443'),(15,'Show Me the Meaning of Being Lonely',236,1,'Show Me the Meaning of Being Lonely - Backstreet Boys.flac','/Volumes/MdieaLib/音乐库/Show Me the Meaning of Being Lonely - Backstreet Boys.flac','','','','2024-12-16 14:20:58.148405','2024-12-16 14:20:58.148420'),(16,'Something That I Already Know',209,1,'Something That I Already Know - Backstreet Boys.flac','/Volumes/MdieaLib/音乐库/Something That I Already Know - Backstreet Boys.flac','','','','2024-12-16 14:20:58.259567','2024-12-16 14:20:58.259583'),(17,'This Is Us',185,1,'This Is Us - Backstreet Boys.flac','/Volumes/MdieaLib/音乐库/This Is Us - Backstreet Boys.flac','','','','2024-12-16 14:20:58.386832','2024-12-16 14:20:58.386880'),(18,'Yes I Will',230,1,'Yes I Will - Backstreet Boys.flac','/Volumes/MdieaLib/音乐库/Yes I Will - Backstreet Boys.flac','','','','2024-12-16 14:20:58.488226','2024-12-16 14:20:58.488245'),(19,'我在十点差三分的时候开始想你',167,1,'花粥 - 我在十点差三分的时候开始想你.flac','/Volumes/MdieaLib/音乐库/花粥 - 我在十点差三分的时候开始想你.flac','','','','2024-12-16 14:20:58.577385','2024-12-16 14:20:58.577401'),(20,'遥不可及的你',150,1,'花粥 - 遥不可及的你.flac','/Volumes/MdieaLib/音乐库/花粥 - 遥不可及的你.flac','','','','2024-12-16 14:20:58.658351','2024-12-16 14:20:58.658374'),(21,'一腔诗意喂了狗',131,1,'花粥 - 一腔诗意喂了狗.flac','/Volumes/MdieaLib/音乐库/花粥 - 一腔诗意喂了狗.flac','','','','2024-12-16 14:20:58.753272','2024-12-16 14:20:58.753288'),(22,'纸短情长',186,1,'花粥 - 纸短情长.flac','/Volumes/MdieaLib/音乐库/花粥 - 纸短情长.flac','','','','2024-12-16 14:20:58.851808','2024-12-16 14:20:58.851829'),(23,'最美不过是朝晖',124,1,'花粥 - 最美不过是朝晖.flac','/Volumes/MdieaLib/音乐库/花粥 - 最美不过是朝晖.flac','','','','2024-12-16 14:20:58.918193','2024-12-16 14:20:58.918223'),(24,'海盗船长2.0',287,1,'花粥,风子 - 海盗船长2.0.flac','/Volumes/MdieaLib/音乐库/花粥,风子 - 海盗船长2.0.flac','','','','2024-12-16 14:20:59.006910','2024-12-16 14:20:59.006925'),(25,'浮白',228,1,'花粥,王胜男 - 浮白.flac','/Volumes/MdieaLib/音乐库/花粥,王胜男 - 浮白.flac','','','','2024-12-16 14:20:59.069231','2024-12-16 14:20:59.069246'),(26,'李白',273,1,'李荣浩 - 李白.flac','/Volumes/MdieaLib/音乐库/李荣浩 - 李白.flac','','','','2024-12-16 14:20:59.401518','2024-12-16 14:20:59.401534'),(27,'模特',306,1,'李荣浩 - 模特.flac','/Volumes/MdieaLib/音乐库/李荣浩 - 模特.flac','','','','2024-12-16 14:20:59.535952','2024-12-16 14:20:59.535966'),(28,'年少有为[music.migu.cn]',279,1,'李荣浩 - 年少有为.flac','/Volumes/MdieaLib/音乐库/李荣浩 - 年少有为.flac','','','','2024-12-16 14:20:59.576541','2024-12-16 14:20:59.576559'),(29,'喜剧之王',261,1,'李荣浩 - 喜剧之王.flac','/Volumes/MdieaLib/音乐库/李荣浩 - 喜剧之王.flac','喜剧之王 - 李荣浩.mp3','/Volumes/MdieaLib/音乐库/喜剧之王 - 李荣浩.mp3','','2024-12-16 14:20:59.617291','2024-12-16 14:21:47.262695'),(30,'作曲家',227,1,'李荣浩 - 作曲家.flac','/Volumes/MdieaLib/音乐库/李荣浩 - 作曲家.flac','','','','2024-12-16 14:20:59.664467','2024-12-16 14:20:59.664481'),(31,'爱不会绝迹',240,1,'爱不会绝迹 - 林俊杰.flac','/Volumes/MdieaLib/音乐库/爱不会绝迹 - 林俊杰.flac','','','','2024-12-16 14:20:59.796474','2024-12-16 14:20:59.796492'),(32,'白羊梦',252,1,'白羊梦 - 林俊杰.flac','/Volumes/MdieaLib/音乐库/白羊梦 - 林俊杰.flac','','','','2024-12-16 14:20:59.975730','2024-12-16 14:20:59.975748'),(33,'背对背拥抱',238,1,'背对背拥抱 - 林俊杰.flac','/Volumes/MdieaLib/音乐库/背对背拥抱 - 林俊杰.flac','','','','2024-12-16 14:21:00.051178','2024-12-16 14:21:00.051192'),(34,'被风吹过的夏天',255,1,'被风吹过的夏天 - 金莎、林俊杰.flac','/Volumes/MdieaLib/音乐库/被风吹过的夏天 - 金莎、林俊杰.flac','','','','2024-12-16 14:21:00.140766','2024-12-16 14:21:00.140780'),(35,'曹操',241,1,'曹操 - 林俊杰.flac','/Volumes/MdieaLib/音乐库/曹操 - 林俊杰.flac','','','','2024-12-16 14:21:00.423651','2024-12-16 14:21:00.423664'),(36,'崇拜 (Live)',286,1,'崇拜 (Live) - 林俊杰.flac','/Volumes/MdieaLib/音乐库/崇拜 (Live) - 林俊杰.flac','','','','2024-12-16 14:21:00.512011','2024-12-16 14:21:00.512027'),(37,'当你',251,1,'当你 - 林俊杰.flac','/Volumes/MdieaLib/音乐库/当你 - 林俊杰.flac','','','','2024-12-16 14:21:00.572902','2024-12-16 14:21:00.572916'),(38,'独角戏 (Live)',328,1,'独角戏 (Live) - 林俊杰.flac','/Volumes/MdieaLib/音乐库/独角戏 (Live) - 林俊杰.flac','','','','2024-12-16 14:21:00.647449','2024-12-16 14:21:00.647463'),(39,'飞云之下',266,1,'飞云之下 - 韩红、林俊杰.flac','/Volumes/MdieaLib/音乐库/飞云之下 - 韩红、林俊杰.flac','','','','2024-12-16 14:21:00.743488','2024-12-16 14:21:00.743502'),(40,'黑暗骑士',304,1,'黑暗骑士 - 林俊杰、五月天.flac','/Volumes/MdieaLib/音乐库/黑暗骑士 - 林俊杰、五月天.flac','','','','2024-12-16 14:21:00.836762','2024-12-16 14:21:00.836775'),(41,'记得',287,1,'记得 - 林俊杰.flac','/Volumes/MdieaLib/音乐库/记得 - 林俊杰.flac','','','','2024-12-16 14:21:00.910617','2024-12-16 14:21:00.910631'),(42,'江南',267,1,'江南 - 林俊杰.flac','/Volumes/MdieaLib/音乐库/江南 - 林俊杰.flac','','','','2024-12-16 14:21:00.992446','2024-12-16 14:21:00.992460'),(43,'江南 + 女儿情 + 修炼爱情 (Live)',318,2,'','','江南 + 女儿情 + 修炼爱情 (Live) - 林俊杰.mp3','/Volumes/MdieaLib/音乐库/江南 + 女儿情 + 修炼爱情 (Live) - 林俊杰.mp3','','2024-12-16 14:21:01.086755','2024-12-16 14:21:01.086769'),(44,'江南 + 一千年以后 (Live)',237,1,'江南 + 一千年以后 (Live) - 林俊杰.flac','/Volumes/MdieaLib/音乐库/江南 + 一千年以后 (Live) - 林俊杰.flac','','','','2024-12-16 14:21:01.167815','2024-12-16 14:21:01.167829'),(45,'可惜没如果',298,1,'可惜没如果 - 林俊杰.flac','/Volumes/MdieaLib/音乐库/可惜没如果 - 林俊杰.flac','','','','2024-12-16 14:21:01.248398','2024-12-16 14:21:01.248412'),(46,'裂缝中的阳光',228,1,'裂缝中的阳光 - 林俊杰.flac','/Volumes/MdieaLib/音乐库/裂缝中的阳光 - 林俊杰.flac','','','','2024-12-16 14:21:01.356709','2024-12-16 14:21:01.356723'),(47,'领悟 (Live)',343,1,'领悟 (Live) - 林俊杰.flac','/Volumes/MdieaLib/音乐库/领悟 (Live) - 林俊杰.flac','','','','2024-12-16 14:21:01.438489','2024-12-16 14:21:01.438503'),(48,'美人鱼',254,1,'美人鱼 - 林俊杰.flac','/Volumes/MdieaLib/音乐库/美人鱼 - 林俊杰.flac','','','','2024-12-16 14:21:01.494739','2024-12-16 14:21:01.494752'),(49,'那些你很冒险的梦',245,1,'那些你很冒险的梦 - 林俊杰.flac','/Volumes/MdieaLib/音乐库/那些你很冒险的梦 - 林俊杰.flac','','','','2024-12-16 14:21:01.565335','2024-12-16 14:21:01.565349'),(50,'女儿情 (Live)',297,1,'女儿情 (Live) - 林俊杰.flac','/Volumes/MdieaLib/音乐库/女儿情 (Live) - 林俊杰.flac','','','','2024-12-16 14:21:01.630051','2024-12-16 14:21:01.630068'),(51,'期待爱',234,1,'期待爱 - 林俊杰、金莎.flac','/Volumes/MdieaLib/音乐库/期待爱 - 林俊杰、金莎.flac','','','','2024-12-16 14:21:01.706494','2024-12-16 14:21:01.706510'),(52,'杀手 (单曲)',293,1,'杀手 (单曲) - 林俊杰.flac','/Volumes/MdieaLib/音乐库/杀手 (单曲) - 林俊杰.flac','','','','2024-12-16 14:21:01.815418','2024-12-16 14:21:01.815435'),(53,'输了你赢了世界又如何 (Live)',283,1,'输了你赢了世界又如何 (Live) - 林俊杰.flac','/Volumes/MdieaLib/音乐库/输了你赢了世界又如何 (Live) - 林俊杰.flac','','','','2024-12-16 14:21:01.901717','2024-12-16 14:21:01.901732'),(54,'她说',320,1,'她说 - 林俊杰.flac','/Volumes/MdieaLib/音乐库/她说 - 林俊杰.flac','','','','2024-12-16 14:21:02.000354','2024-12-16 14:21:02.000369'),(55,'我还想她',247,1,'我还想她 - 林俊杰.flac','/Volumes/MdieaLib/音乐库/我还想她 - 林俊杰.flac','','','','2024-12-16 14:21:02.089732','2024-12-16 14:21:02.089749'),(56,'我怀念的 (Live)',312,1,'我怀念的 (Live) - 林俊杰.flac','/Volumes/MdieaLib/音乐库/我怀念的 (Live) - 林俊杰.flac','','','','2024-12-16 14:21:02.172705','2024-12-16 14:21:02.172720'),(57,'我相信 (Live)',293,1,'我相信 (Live) - 林俊杰、王嘉尔、胡彦斌、张靓颖、谭维维、彭席彦.flac','/Volumes/MdieaLib/音乐库/我相信 (Live) - 林俊杰、王嘉尔、胡彦斌、张靓颖、谭维维、彭席彦.flac','','','','2024-12-16 14:21:02.283604','2024-12-16 14:21:02.283618'),(58,'小酒窝',217,1,'小酒窝 - 蔡卓妍、林俊杰.flac','/Volumes/MdieaLib/音乐库/小酒窝 - 蔡卓妍、林俊杰.flac','','','','2024-12-16 14:21:02.445906','2024-12-16 14:21:02.445920'),(59,'小酒窝',217,1,'小酒窝 - 林俊杰.flac','/Volumes/MdieaLib/音乐库/小酒窝 - 林俊杰.flac','','','','2024-12-16 14:21:02.524817','2024-12-16 14:21:02.524830'),(60,'心墙',225,1,'心墙 - 林俊杰.flac','/Volumes/MdieaLib/音乐库/心墙 - 林俊杰.flac','','','','2024-12-16 14:21:02.647509','2024-12-16 14:21:02.647526'),(61,'修炼爱情',287,1,'修炼爱情 - 林俊杰.flac','/Volumes/MdieaLib/音乐库/修炼爱情 - 林俊杰.flac','','','','2024-12-16 14:21:02.758797','2024-12-16 14:21:02.758814'),(62,'学不会',229,1,'学不会 - 林俊杰.flac','/Volumes/MdieaLib/音乐库/学不会 - 林俊杰.flac','','','','2024-12-16 14:21:02.863435','2024-12-16 14:21:02.863450'),(63,'雪落下的声音 (Live)',302,1,'雪落下的声音 (Live) - 林俊杰.flac','/Volumes/MdieaLib/音乐库/雪落下的声音 (Live) - 林俊杰.flac','','','','2024-12-16 14:21:02.923765','2024-12-16 14:21:02.923781'),(64,'一千年以后',227,1,'一千年以后 - 林俊杰.flac','/Volumes/MdieaLib/音乐库/一千年以后 - 林俊杰.flac','','','','2024-12-16 14:21:03.007848','2024-12-16 14:21:03.007862'),(65,'一生的爱',213,1,'一生的爱 - 林俊杰.flac','/Volumes/MdieaLib/音乐库/一生的爱 - 林俊杰.flac','','','','2024-12-16 14:21:03.070143','2024-12-16 14:21:03.070161'),(66,'一眼万年',258,1,'一眼万年 - 林俊杰.flac','/Volumes/MdieaLib/音乐库/一眼万年 - 林俊杰.flac','','','','2024-12-16 14:21:03.158324','2024-12-16 14:21:03.158339'),(67,'知足 (Live)',292,1,'知足 (Live) - 林俊杰.flac','/Volumes/MdieaLib/音乐库/知足 (Live) - 林俊杰.flac','','','','2024-12-16 14:21:03.239727','2024-12-16 14:21:03.239741'),(68,'只对你有感觉',266,1,'只对你有感觉 - 林俊杰.flac','/Volumes/MdieaLib/音乐库/只对你有感觉 - 林俊杰.flac','','','','2024-12-16 14:21:03.344086','2024-12-16 14:21:03.344108'),(69,'最美的太阳 + 翅膀 (Live)',271,1,'最美的太阳 + 翅膀 (Live) - 张杰、林俊杰.flac','/Volumes/MdieaLib/音乐库/最美的太阳 + 翅膀 (Live) - 张杰、林俊杰.flac','','','','2024-12-16 14:21:03.437465','2024-12-16 14:21:03.437479'),(70,'醉赤壁',281,1,'醉赤壁 - 林俊杰.flac','/Volumes/MdieaLib/音乐库/醉赤壁 - 林俊杰.flac','','','','2024-12-16 14:21:03.527814','2024-12-16 14:21:03.527829'),(71,'Always Online',225,1,'Always Online - 林俊杰.flac','/Volumes/MdieaLib/音乐库/Always Online - 林俊杰.flac','','','','2024-12-16 14:21:03.621725','2024-12-16 14:21:03.621739'),(72,'Love U U',219,1,'Love U U - 林俊杰.flac','/Volumes/MdieaLib/音乐库/Love U U - 林俊杰.flac','','','','2024-12-16 14:21:03.715632','2024-12-16 14:21:03.715645'),(73,'kuwo',220,1,'毛不易 - 叮咛.flac','/Volumes/MdieaLib/音乐库/毛不易 - 叮咛.flac','','','','2024-12-16 14:21:03.842389','2024-12-16 14:21:03.842403'),(74,'借',214,1,'毛不易 - 借.flac','/Volumes/MdieaLib/音乐库/毛不易 - 借.flac','','','','2024-12-16 14:21:03.973010','2024-12-16 14:21:03.973024'),(75,'爱一点',306,1,'爱一点 - 王力宏、章子怡.flac','/Volumes/MdieaLib/音乐库/爱一点 - 王力宏、章子怡.flac','','','','2024-12-16 14:21:04.779878','2024-12-16 14:21:04.779896'),(76,'春雨里洗过的太阳',291,1,'春雨里洗过的太阳 - 王力宏.flac','/Volumes/MdieaLib/音乐库/春雨里洗过的太阳 - 王力宏.flac','','','','2024-12-16 14:21:04.871688','2024-12-16 14:21:04.871705'),(77,'改变自己',194,1,'改变自己 - 王力宏.flac','/Volumes/MdieaLib/音乐库/改变自己 - 王力宏.flac','','','','2024-12-16 14:21:04.968198','2024-12-16 14:21:04.968212'),(78,'好心分手',182,1,'好心分手 - 卢巧音、王力宏.flac','/Volumes/MdieaLib/音乐库/好心分手 - 卢巧音、王力宏.flac','','','','2024-12-16 14:21:05.074159','2024-12-16 14:21:05.074174'),(79,'花田错',227,1,'花田错 - 王力宏.flac','/Volumes/MdieaLib/音乐库/花田错 - 王力宏.flac','','','','2024-12-16 14:21:05.200472','2024-12-16 14:21:05.200487'),(80,'龙的传人',281,1,'龙的传人 - 王力宏.flac','/Volumes/MdieaLib/音乐库/龙的传人 - 王力宏.flac','','','','2024-12-16 14:21:05.285190','2024-12-16 14:21:05.285205'),(81,'龙的传人(Live)',154,1,'龙的传人(Live) - 王力宏、李荣浩、那英、庾澄庆.flac','/Volumes/MdieaLib/音乐库/龙的传人(Live) - 王力宏、李荣浩、那英、庾澄庆.flac','','','','2024-12-16 14:21:05.351142','2024-12-16 14:21:05.351157'),(82,'你是我心内的一首歌',166,1,'你是我心内的一首歌 - 王力宏、Selina.flac','/Volumes/MdieaLib/音乐库/你是我心内的一首歌 - 王力宏、Selina.flac','','','','2024-12-16 14:21:05.410623','2024-12-16 14:21:05.410639'),(83,'我们的歌',244,1,'我们的歌 - 王力宏.flac','/Volumes/MdieaLib/音乐库/我们的歌 - 王力宏.flac','','','','2024-12-16 14:21:05.526530','2024-12-16 14:21:05.526549'),(84,'心中的日月',237,1,'心中的日月 - 王力宏.flac','/Volumes/MdieaLib/音乐库/心中的日月 - 王力宏.flac','','','','2024-12-16 14:21:05.588434','2024-12-16 14:21:05.588450'),(85,'需要人陪',251,1,'需要人陪 - 王力宏.flac','/Volumes/MdieaLib/音乐库/需要人陪 - 王力宏.flac','','','','2024-12-16 14:21:05.694601','2024-12-16 14:21:05.694616'),(86,'缘分一道桥',246,1,'缘分一道桥 - 王力宏、谭维维.flac','/Volumes/MdieaLib/音乐库/缘分一道桥 - 王力宏、谭维维.flac','','','','2024-12-16 14:21:05.756112','2024-12-16 14:21:05.756128'),(87,'爱江山更爱美人',319,1,'爱江山更爱美人 - 李丽芬.flac','/Volumes/MdieaLib/音乐库/爱江山更爱美人 - 李丽芬.flac','','','','2024-12-16 14:21:05.875127','2024-12-16 14:21:05.875142'),(88,'光辉岁月',296,1,'光辉岁月 - Beyond.flac','/Volumes/MdieaLib/音乐库/光辉岁月 - Beyond.flac','','','','2024-12-16 14:21:06.118074','2024-12-16 14:21:06.118090'),(89,'后来',341,1,'后来 - 刘若英.flac','/Volumes/MdieaLib/音乐库/后来 - 刘若英.flac','','','','2024-12-16 14:21:06.323751','2024-12-16 14:21:06.323772'),(90,'你是人间四月天',222,1,'你是人间四月天 - 邵帅.flac','/Volumes/MdieaLib/音乐库/你是人间四月天 - 邵帅.flac','','','','2024-12-16 14:21:06.611442','2024-12-16 14:21:06.611471'),(91,'起风了',325,1,'起风了 - 买辣椒也用券.flac','/Volumes/MdieaLib/音乐库/起风了 - 买辣椒也用券.flac','','','','2024-12-16 14:21:07.007730','2024-12-16 14:21:07.007746'),(92,'清空',177,1,'清空 - 王忻辰、苏星婕.flac','/Volumes/MdieaLib/音乐库/清空 - 王忻辰、苏星婕.flac','','','','2024-12-16 14:21:07.151261','2024-12-16 14:21:07.151277'),(93,'少年',236,1,'少年 - 梦然.flac','/Volumes/MdieaLib/音乐库/少年 - 梦然.flac','','','','2024-12-16 14:21:07.235095','2024-12-16 14:21:07.235109'),(94,'踏山河',168,1,'踏山河 - 是七叔呢.flac','/Volumes/MdieaLib/音乐库/踏山河 - 是七叔呢.flac','','','','2024-12-16 14:21:07.342530','2024-12-16 14:21:07.342543'),(95,'忘川彼岸',177,1,'忘川彼岸 - 零一九零贰.flac','/Volumes/MdieaLib/音乐库/忘川彼岸 - 零一九零贰.flac','','','','2024-12-16 14:21:07.427921','2024-12-16 14:21:07.427935'),(96,'我吹过你吹过的晚风',159,1,'我吹过你吹过的晚风 - 风吹流年.flac','/Volumes/MdieaLib/音乐库/我吹过你吹过的晚风 - 风吹流年.flac','','','','2024-12-16 14:21:07.497571','2024-12-16 14:21:07.497587'),(97,'戏子多秋',222,1,'戏子多秋 - 涛少君.flac','/Volumes/MdieaLib/音乐库/戏子多秋 - 涛少君.flac','','','','2024-12-16 14:21:07.550660','2024-12-16 14:21:07.550675'),(98,'星辰大海',207,2,'','','星辰大海 - 黄霄雲.mp3','/Volumes/MdieaLib/音乐库/星辰大海 - 黄霄雲.mp3','','2024-12-16 14:21:07.697722','2024-12-16 14:21:07.697744'),(99,'醒不来的梦',206,1,'醒不来的梦 - 回小仙.flac','/Volumes/MdieaLib/音乐库/醒不来的梦 - 回小仙.flac','','','','2024-12-16 14:21:07.750099','2024-12-16 14:21:07.750115'),(100,'夜曲',226,1,'夜曲 - 周杰伦.flac','/Volumes/MdieaLib/音乐库/夜曲 - 周杰伦.flac','','','','2024-12-16 14:21:07.861879','2024-12-16 14:21:07.861908'),(101,'一千个伤心的理由',276,1,'一千个伤心的理由 - 张学友.flac','/Volumes/MdieaLib/音乐库/一千个伤心的理由 - 张学友.flac','','','','2024-12-16 14:21:07.966035','2024-12-16 14:21:07.966052'),(102,'月亮惹的祸',260,1,'月亮惹的祸 - 张宇.flac','/Volumes/MdieaLib/音乐库/月亮惹的祸 - 张宇.flac','','','','2024-12-16 14:21:08.078338','2024-12-16 14:21:08.078352'),(103,'TA',235,1,'TA - 不是花火呀.flac','/Volumes/MdieaLib/音乐库/TA - 不是花火呀.flac','','','','2024-12-16 14:21:08.145361','2024-12-16 14:21:08.145375'),(104,'白玫瑰',240,1,'陈奕迅 - 白玫瑰.flac','/Volumes/MdieaLib/音乐库/陈奕迅 - 白玫瑰.flac','','','','2024-12-16 14:21:08.346485','2024-12-16 14:21:08.346503'),(105,'单车',208,1,'陈奕迅 - 单车.flac','/Volumes/MdieaLib/音乐库/陈奕迅 - 单车.flac','','','','2024-12-16 14:21:08.507653','2024-12-16 14:21:08.507669'),(106,'孤独患者',271,1,'陈奕迅 - 孤独患者.flac','/Volumes/MdieaLib/音乐库/陈奕迅 - 孤独患者.flac','','','','2024-12-16 14:21:08.855691','2024-12-16 14:21:08.855710'),(107,'好久不见',252,1,'陈奕迅 - 好久不见.flac','/Volumes/MdieaLib/音乐库/陈奕迅 - 好久不见.flac','','','','2024-12-16 14:21:08.921144','2024-12-16 14:21:08.921160'),(108,'陪你度过漫长岁月',242,1,'陈奕迅 - 陪你度过漫长岁月 (国语).flac','/Volumes/MdieaLib/音乐库/陈奕迅 - 陪你度过漫长岁月 (国语).flac','','','','2024-12-16 14:21:09.385626','2024-12-16 14:21:09.385640'),(109,'让我留在你身边',188,1,'陈奕迅 - 让我留在你身边.flac','/Volumes/MdieaLib/音乐库/陈奕迅 - 让我留在你身边.flac','','','','2024-12-16 14:21:09.487717','2024-12-16 14:21:09.487733'),(110,'十面埋伏',232,1,'陈奕迅 - 十面埋伏.flac','/Volumes/MdieaLib/音乐库/陈奕迅 - 十面埋伏.flac','','','','2024-12-16 14:21:09.611039','2024-12-16 14:21:09.611054'),(111,'岁月如歌',207,1,'陈奕迅 - 岁月如歌.flac','/Volumes/MdieaLib/音乐库/陈奕迅 - 岁月如歌.flac','','','','2024-12-16 14:21:09.682299','2024-12-16 14:21:09.682313'),(112,'谢谢侬(国语)',262,1,'陈奕迅 - 谢谢侬.flac','/Volumes/MdieaLib/音乐库/陈奕迅 - 谢谢侬.flac','','','','2024-12-16 14:21:10.018838','2024-12-16 14:21:10.018860'),(113,'遥远的她',273,1,'陈奕迅 - 遥远的她 (Live).flac','/Volumes/MdieaLib/音乐库/陈奕迅 - 遥远的她 (Live).flac','遥远的她.mp3','/Volumes/MdieaLib/音乐库/遥远的她.mp3','','2024-12-16 14:21:10.152382','2024-12-16 14:22:49.341054'),(114,'最佳损友',233,1,'陈奕迅 - 最佳损友.flac','/Volumes/MdieaLib/音乐库/陈奕迅 - 最佳损友.flac','','','','2024-12-16 14:21:10.247596','2024-12-16 14:21:10.247613'),(115,'不为谁而作的歌',265,1,'林俊杰 - 不为谁而作的歌.flac','/Volumes/MdieaLib/音乐库/林俊杰 - 不为谁而作的歌.flac','','','','2024-12-16 14:21:10.898188','2024-12-16 14:21:10.898206'),(116,'醉赤壁[music.migu.cn]',281,1,'林俊杰 - 当你.flac','/Volumes/MdieaLib/音乐库/林俊杰 - 当你.flac','','','','2024-12-16 14:21:11.020148','2024-12-16 14:21:11.020167'),(117,'关键词',212,1,'林俊杰 - 关键词.flac','/Volumes/MdieaLib/音乐库/林俊杰 - 关键词.flac','','','','2024-12-16 14:21:11.109683','2024-12-16 14:21:11.109698'),(118,'林俊杰 雪落下的声音 181031B_Mix',302,1,'林俊杰 - 雪落下的声音 (Live).flac','/Volumes/MdieaLib/音乐库/林俊杰 - 雪落下的声音 (Live).flac','','','','2024-12-16 14:21:11.723278','2024-12-16 14:21:11.723301'),(119,'《绝代风华》（天下3十周年主题曲）',255,1,'许嵩 - 绝代风华.flac','/Volumes/MdieaLib/音乐库/许嵩 - 绝代风华.flac','','','','2024-12-16 14:21:12.906929','2024-12-16 14:21:12.906945'),(120,'燕归巢',294,1,'许嵩 - 燕归巢.flac','/Volumes/MdieaLib/音乐库/许嵩 - 燕归巢.flac','','','','2024-12-16 14:21:14.289935','2024-12-16 14:21:14.289960'),(121,'素颜',241,1,'许嵩、何曼婷 - 素颜.flac','/Volumes/MdieaLib/音乐库/许嵩、何曼婷 - 素颜.flac','','','','2024-12-16 14:21:14.472271','2024-12-16 14:21:14.472288'),(122,'惊鸿一面 (feat. 黄龄)',256,1,'许嵩、黄龄 - 惊鸿一面.flac','/Volumes/MdieaLib/音乐库/许嵩、黄龄 - 惊鸿一面.flac','','','','2024-12-16 14:21:14.567326','2024-12-16 14:21:14.567348'),(123,'你若成风',220,1,'许嵩、莫诗旎 - 你若成风.flac','/Volumes/MdieaLib/音乐库/许嵩、莫诗旎 - 你若成风.flac','','','','2024-12-16 14:21:14.636325','2024-12-16 14:21:14.636339'),(124,'夏洛特烦恼',192,1,'金志文 - 夏洛特烦恼.flac','/Volumes/MdieaLib/音乐库/金志文 - 夏洛特烦恼.flac','金志文 - 夏洛特烦恼.mp3','/Volumes/MdieaLib/音乐库/金志文 - 夏洛特烦恼.mp3','','2024-12-16 14:21:16.830114','2024-12-16 14:21:16.916737'),(125,'一次就好',208,1,'沈腾 - 一次就好.flac','/Volumes/MdieaLib/音乐库/沈腾 - 一次就好.flac','沈腾 - 一次就好.mp3','/Volumes/MdieaLib/音乐库/沈腾 - 一次就好.mp3','','2024-12-16 14:21:17.039430','2024-12-16 14:21:17.096374'),(126,'潇洒走一回',253,1,'叶倩文 - 潇洒走一回.flac','/Volumes/MdieaLib/音乐库/叶倩文 - 潇洒走一回.flac','叶倩文 - 潇洒走一回.mp3','/Volumes/MdieaLib/音乐库/叶倩文 - 潇洒走一回.mp3','','2024-12-16 14:21:17.164829','2024-12-16 14:21:25.622490'),(127,'Another Life',229,2,'','','Another Life - Westlife.mp3','/Volumes/MdieaLib/音乐库/Another Life - Westlife.mp3','','2024-12-16 14:21:17.272203','2024-12-16 14:21:17.272221'),(128,'Beautiful In White (Demo)',226,2,'','','Beautiful In White (Demo) - Westlife.mp3','/Volumes/MdieaLib/音乐库/Beautiful In White (Demo) - Westlife.mp3','','2024-12-16 14:21:17.372504','2024-12-16 14:21:17.372518'),(129,'Fool Again',235,1,'Fool Again - Westlife.flac','/Volumes/MdieaLib/音乐库/Fool Again - Westlife.flac','','','','2024-12-16 14:21:17.561970','2024-12-16 14:21:17.561983'),(130,'L.O.V.E.',173,2,'','','L.O.V.E. - Westlife.mp3','/Volumes/MdieaLib/音乐库/L.O.V.E. - Westlife.mp3','','2024-12-16 14:21:17.631653','2024-12-16 14:21:17.631668'),(131,'My Love (Radio Edit)',233,2,'','','My Love (Radio Edit) - Westlife.mp3','/Volumes/MdieaLib/音乐库/My Love (Radio Edit) - Westlife.mp3','','2024-12-16 14:21:17.706974','2024-12-16 14:21:17.706990'),(132,'Nothing\'s Gonna Change My Love For You',227,2,'','','Nothing\'s Gonna Change My Love For You - Westlife.mp3','/Volumes/MdieaLib/音乐库/Nothing\'s Gonna Change My Love For You - Westlife.mp3','','2024-12-16 14:21:17.847845','2024-12-16 14:21:17.847858'),(133,'Seasons in the Sun',248,2,'','','Seasons in the Sun - Westlife.mp3','/Volumes/MdieaLib/音乐库/Seasons in the Sun - Westlife.mp3','','2024-12-16 14:21:17.958569','2024-12-16 14:21:17.958584'),(134,'Soledad',238,2,'','','Soledad - Westlife.mp3','/Volumes/MdieaLib/音乐库/Soledad - Westlife.mp3','','2024-12-16 14:21:18.046365','2024-12-16 14:21:18.046382'),(135,'Swear It Again',247,2,'','','Swear It Again - Westlife.mp3','/Volumes/MdieaLib/音乐库/Swear It Again - Westlife.mp3','','2024-12-16 14:21:18.103154','2024-12-16 14:21:18.103168'),(136,'Take Me There',205,2,'','','Take Me There - Westlife.mp3','/Volumes/MdieaLib/音乐库/Take Me There - Westlife.mp3','','2024-12-16 14:21:18.183671','2024-12-16 14:21:18.183687'),(137,'To Be Loved',200,2,'','','To Be Loved - Westlife.mp3','/Volumes/MdieaLib/音乐库/To Be Loved - Westlife.mp3','','2024-12-16 14:21:18.276772','2024-12-16 14:21:18.276787'),(138,'You Raise Me Up',243,2,'','','You Raise Me Up - Westlife.mp3','/Volumes/MdieaLib/音乐库/You Raise Me Up - Westlife.mp3','','2024-12-16 14:21:18.370364','2024-12-16 14:21:18.370378'),(139,'白马非马',284,1,'白马非马 - 许嵩.flac','/Volumes/MdieaLib/音乐库/白马非马 - 许嵩.flac','','','','2024-12-16 14:21:18.471796','2024-12-16 14:21:18.471810'),(140,'三生三幸',276,2,'海来阿木 - 三生三幸.flac','/Volumes/MdieaLib/音乐库/海来阿木 - 三生三幸.flac','海来阿木 - 三生三幸.mp3','/Volumes/MdieaLib/音乐库/海来阿木 - 三生三幸.mp3','','2024-12-16 14:21:18.540480','2024-12-16 14:22:08.771467'),(141,'拆东墙',259,1,'拆东墙 - 许嵩.flac','/Volumes/MdieaLib/音乐库/拆东墙 - 许嵩.flac','','','','2024-12-16 14:21:18.608698','2024-12-16 14:21:18.608714'),(142,'城府',199,1,'城府 - 许嵩.flac','/Volumes/MdieaLib/音乐库/城府 - 许嵩.flac','','','','2024-12-16 14:21:18.682492','2024-12-16 14:21:18.682508'),(143,'大千世界',255,1,'大千世界 - 许嵩.flac','/Volumes/MdieaLib/音乐库/大千世界 - 许嵩.flac','','','','2024-12-16 14:21:18.739879','2024-12-16 14:21:18.739896'),(144,'单人旅途',288,1,'单人旅途 - 许嵩.flac','/Volumes/MdieaLib/音乐库/单人旅途 - 许嵩.flac','','','','2024-12-16 14:21:18.808472','2024-12-16 14:21:18.808486'),(145,'弹指一挥间',287,1,'弹指一挥间 - 许嵩.flac','/Volumes/MdieaLib/音乐库/弹指一挥间 - 许嵩.flac','','','','2024-12-16 14:21:18.868809','2024-12-16 14:21:18.868826'),(146,'多余的解释',277,1,'多余的解释 - 许嵩.flac','/Volumes/MdieaLib/音乐库/多余的解释 - 许嵩.flac','','','','2024-12-16 14:21:18.931954','2024-12-16 14:21:18.931970'),(147,'放飞',228,1,'放飞 - 许嵩.flac','/Volumes/MdieaLib/音乐库/放飞 - 许嵩.flac','','','','2024-12-16 14:21:19.018752','2024-12-16 14:21:19.018766'),(148,'放肆',238,1,'放肆 - 许嵩.flac','/Volumes/MdieaLib/音乐库/放肆 - 许嵩.flac','','','','2024-12-16 14:21:19.082467','2024-12-16 14:21:19.082481'),(149,'河山大好',196,1,'河山大好 - 许嵩.flac','/Volumes/MdieaLib/音乐库/河山大好 - 许嵩.flac','','','','2024-12-16 14:21:19.145803','2024-12-16 14:21:19.145819'),(150,'胡萝卜须',231,1,'胡萝卜须 - 许嵩.flac','/Volumes/MdieaLib/音乐库/胡萝卜须 - 许嵩.flac','','','','2024-12-16 14:21:19.216512','2024-12-16 14:21:19.216526'),(151,'蝴蝶的时间',320,1,'蝴蝶的时间 - 许嵩.flac','/Volumes/MdieaLib/音乐库/蝴蝶的时间 - 许嵩.flac','','','','2024-12-16 14:21:19.274918','2024-12-16 14:21:19.274933'),(152,'坏孩子',245,1,'坏孩子 - 许嵩.flac','/Volumes/MdieaLib/音乐库/坏孩子 - 许嵩.flac','','','','2024-12-16 14:21:19.341596','2024-12-16 14:21:19.341615'),(153,'灰色头像',289,1,'灰色头像 - 许嵩.flac','/Volumes/MdieaLib/音乐库/灰色头像 - 许嵩.flac','','','','2024-12-16 14:21:19.505607','2024-12-16 14:21:19.505625'),(154,'降温',233,1,'降温 - 许嵩.flac','/Volumes/MdieaLib/音乐库/降温 - 许嵩.flac','','','','2024-12-16 14:21:19.572979','2024-12-16 14:21:19.572994'),(155,'惊鸿一面',256,1,'惊鸿一面 - 许嵩、黄龄.flac','/Volumes/MdieaLib/音乐库/惊鸿一面 - 许嵩、黄龄.flac','','','','2024-12-16 14:21:19.650709','2024-12-16 14:21:19.650723'),(156,'绝代风华',255,1,'绝代风华 - 许嵩.flac','/Volumes/MdieaLib/音乐库/绝代风华 - 许嵩.flac','','','','2024-12-16 14:21:19.730723','2024-12-16 14:21:19.730737'),(157,'庐州月',255,1,'庐州月 - 许嵩.flac','/Volumes/MdieaLib/音乐库/庐州月 - 许嵩.flac','','','','2024-12-16 14:21:19.816784','2024-12-16 14:21:19.816797'),(158,'平行宇宙',209,1,'平行宇宙 - 许嵩.flac','/Volumes/MdieaLib/音乐库/平行宇宙 - 许嵩.flac','','','','2024-12-16 14:21:19.917127','2024-12-16 14:21:19.917141'),(159,'千百度',226,1,'千百度 - 许嵩.flac','/Volumes/MdieaLib/音乐库/千百度 - 许嵩.flac','','','','2024-12-16 14:21:19.998583','2024-12-16 14:21:19.998607'),(160,'千古',221,1,'千古 - 许嵩.flac','/Volumes/MdieaLib/音乐库/千古 - 许嵩.flac','','','','2024-12-16 14:21:20.060146','2024-12-16 14:21:20.060161'),(161,'清明雨上',219,1,'清明雨上 - 许嵩.flac','/Volumes/MdieaLib/音乐库/清明雨上 - 许嵩.flac','','','','2024-12-16 14:21:20.190875','2024-12-16 14:21:20.190893'),(162,'全球变冷',252,1,'全球变冷 - 许嵩.flac','/Volumes/MdieaLib/音乐库/全球变冷 - 许嵩.flac','','','','2024-12-16 14:21:20.275517','2024-12-16 14:21:20.275533'),(163,'认错',275,1,'认错 - 许嵩.flac','/Volumes/MdieaLib/音乐库/认错 - 许嵩.flac','','','','2024-12-16 14:21:20.353056','2024-12-16 14:21:20.353073'),(164,'如果当时',316,1,'如果当时 - 许嵩.flac','/Volumes/MdieaLib/音乐库/如果当时 - 许嵩.flac','','','','2024-12-16 14:21:20.422414','2024-12-16 14:21:20.422427'),(165,'山水之间',276,1,'山水之间 - 许嵩.flac','/Volumes/MdieaLib/音乐库/山水之间 - 许嵩.flac','','','','2024-12-16 14:21:20.486902','2024-12-16 14:21:20.486921'),(166,'素颜',239,2,'','','素颜 - 许嵩、何曼婷.mp3','/Volumes/MdieaLib/音乐库/素颜 - 许嵩、何曼婷.mp3','','2024-12-16 14:21:20.581122','2024-12-16 14:21:20.581137'),(167,'素颜 (Live)',212,1,'素颜 (Live) - 许嵩.flac','/Volumes/MdieaLib/音乐库/素颜 (Live) - 许嵩.flac','','','','2024-12-16 14:21:20.685716','2024-12-16 14:21:20.685732'),(168,'叹服',261,1,'叹服 - 许嵩.flac','/Volumes/MdieaLib/音乐库/叹服 - 许嵩.flac','','','','2024-12-16 14:21:20.775073','2024-12-16 14:21:20.775088'),(169,'通关',249,1,'通关 - 许嵩.flac','/Volumes/MdieaLib/音乐库/通关 - 许嵩.flac','','','','2024-12-16 14:21:20.885115','2024-12-16 14:21:20.885130'),(170,'微博控',222,1,'微博控 - 许嵩.flac','/Volumes/MdieaLib/音乐库/微博控 - 许嵩.flac','','','','2024-12-16 14:21:20.939301','2024-12-16 14:21:20.939315'),(171,'我乐意',242,1,'我乐意 - 许嵩.flac','/Volumes/MdieaLib/音乐库/我乐意 - 许嵩.flac','','','','2024-12-16 14:21:21.015673','2024-12-16 14:21:21.015704'),(172,'想象之中',249,1,'想象之中 - 许嵩.flac','/Volumes/MdieaLib/音乐库/想象之中 - 许嵩.flac','','','','2024-12-16 14:21:21.095575','2024-12-16 14:21:21.095595'),(173,'心疼你的过去',276,1,'心疼你的过去 - 许嵩.flac','/Volumes/MdieaLib/音乐库/心疼你的过去 - 许嵩.flac','','','','2024-12-16 14:21:21.187412','2024-12-16 14:21:21.187427'),(174,'星座书上',238,1,'星座书上 - 许嵩.flac','/Volumes/MdieaLib/音乐库/星座书上 - 许嵩.flac','','','','2024-12-16 14:21:21.277381','2024-12-16 14:21:21.277395'),(175,'雅俗共赏',249,1,'雅俗共赏 - 许嵩.flac','/Volumes/MdieaLib/音乐库/雅俗共赏 - 许嵩.flac','','','','2024-12-16 14:21:21.341394','2024-12-16 14:21:21.341409'),(176,'医生',246,1,'医生 - 许嵩.flac','/Volumes/MdieaLib/音乐库/医生 - 许嵩.flac','','','','2024-12-16 14:21:21.507044','2024-12-16 14:21:21.507058'),(177,'有何不可',241,1,'有何不可 - 许嵩.flac','/Volumes/MdieaLib/音乐库/有何不可 - 许嵩.flac','','','','2024-12-16 14:21:21.580061','2024-12-16 14:21:21.580079'),(178,'雨幕',240,1,'雨幕 - 许嵩.flac','/Volumes/MdieaLib/音乐库/雨幕 - 许嵩.flac','','','','2024-12-16 14:21:21.653401','2024-12-16 14:21:21.653416'),(179,'在那不遥远的地方',224,1,'在那不遥远的地方 - 许嵩.flac','/Volumes/MdieaLib/音乐库/在那不遥远的地方 - 许嵩.flac','','','','2024-12-16 14:21:21.745055','2024-12-16 14:21:21.745069'),(180,'最佳歌手',267,1,'最佳许嵩 - 歌手.flac','/Volumes/MdieaLib/音乐库/最佳许嵩 - 歌手.flac','','','','2024-12-16 14:21:21.817803','2024-12-16 14:21:21.817819'),(181,'怪咖',250,1,'薛之谦 - 怪咖.flac','/Volumes/MdieaLib/音乐库/薛之谦 - 怪咖.flac','','','','2024-12-16 14:21:21.955204','2024-12-16 14:21:21.955218'),(182,'那是你离开了北京的生活',268,1,'薛之谦 - 那是你离开了北京的生活.flac','/Volumes/MdieaLib/音乐库/薛之谦 - 那是你离开了北京的生活.flac','','','','2024-12-16 14:21:22.041796','2024-12-16 14:21:22.041814'),(183,'你还要我怎样',310,1,'薛之谦 - 你还要我怎样.flac','/Volumes/MdieaLib/音乐库/薛之谦 - 你还要我怎样.flac','','','','2024-12-16 14:21:22.114841','2024-12-16 14:21:22.114854'),(184,'关不上的窗',293,1,'关不上的窗 - 周传雄.flac','/Volumes/MdieaLib/音乐库/关不上的窗 - 周传雄.flac','','','','2024-12-16 14:21:22.506521','2024-12-16 14:21:22.506535'),(185,'寂寞沙洲冷',274,1,'寂寞沙洲冷 - 周传雄.flac','/Volumes/MdieaLib/音乐库/寂寞沙洲冷 - 周传雄.flac','','','','2024-12-16 14:21:22.681206','2024-12-16 14:21:22.681220'),(186,'蓝色土耳其',283,1,'蓝色土耳其 - 周传雄.flac','/Volumes/MdieaLib/音乐库/蓝色土耳其 - 周传雄.flac','','','','2024-12-16 14:21:22.742878','2024-12-16 14:21:22.742892'),(187,'男人海洋',238,1,'男人海洋 - 周传雄.flac','/Volumes/MdieaLib/音乐库/男人海洋 - 周传雄.flac','','','','2024-12-16 14:21:22.832795','2024-12-16 14:21:22.832812'),(188,'暖风',261,1,'暖风 - 周传雄.flac','/Volumes/MdieaLib/音乐库/暖风 - 周传雄.flac','','','','2024-12-16 14:21:22.901505','2024-12-16 14:21:22.901519'),(189,'青花',297,1,'青花 - 周传雄.flac','/Volumes/MdieaLib/音乐库/青花 - 周传雄.flac','','','','2024-12-16 14:21:22.957240','2024-12-16 14:21:22.957253'),(190,'我的心太乱',293,1,'我的心太乱 - 周传雄.flac','/Volumes/MdieaLib/音乐库/我的心太乱 - 周传雄.flac','','','','2024-12-16 14:21:23.030554','2024-12-16 14:21:23.030570'),(191,'我难过(Live)',265,1,'我难过(Live) - 周传雄、颜人中.flac','/Volumes/MdieaLib/音乐库/我难过(Live) - 周传雄、颜人中.flac','','','','2024-12-16 14:21:23.098070','2024-12-16 14:21:23.098084'),(192,'告白气球',215,1,'周杰伦 - 告白气球.flac','/Volumes/MdieaLib/音乐库/周杰伦 - 告白气球.flac','','','','2024-12-16 14:21:24.390348','2024-12-16 14:21:24.390384'),(193,'甜甜的',243,1,'周杰伦 - 甜甜的.flac','/Volumes/MdieaLib/音乐库/周杰伦 - 甜甜的.flac','','','','2024-12-16 14:21:26.732346','2024-12-16 14:21:26.732360'),(194,'外婆',244,1,'周杰伦 - 外婆.flac','/Volumes/MdieaLib/音乐库/周杰伦 - 外婆.flac','','','','2024-12-16 14:21:27.045706','2024-12-16 14:21:27.045727'),(195,'一路向北',295,1,'周杰伦 - 一路向北.flac','/Volumes/MdieaLib/音乐库/周杰伦 - 一路向北.flac','','','','2024-12-16 14:21:27.331178','2024-12-16 14:21:27.331192'),(196,'奔跑',195,1,'黄征,羽·泉 - 奔跑.flac','/Volumes/MdieaLib/音乐库/黄征,羽·泉 - 奔跑.flac','黄征,羽·泉 - 奔跑.mp3','/Volumes/MdieaLib/音乐库/黄征,羽·泉 - 奔跑.mp3','','2024-12-16 14:21:27.432649','2024-12-16 14:21:52.562583'),(197,'国游会',253,1,'周杰伦 - 园游会.flac','/Volumes/MdieaLib/音乐库/周杰伦 - 园游会.flac','','','','2024-12-16 14:21:27.520644','2024-12-16 14:21:27.520657'),(198,'最长的电影',235,1,'周杰伦 - 最长的电影.flac','/Volumes/MdieaLib/音乐库/周杰伦 - 最长的电影.flac','','','','2024-12-16 14:21:27.779738','2024-12-16 14:21:27.779753'),(199,'爱江山更爱美人',236,1,'爱江山更爱美人 - 小阿枫.flac','/Volumes/MdieaLib/音乐库/爱江山更爱美人 - 小阿枫.flac','','','','2024-12-16 14:21:28.192251','2024-12-16 14:21:28.192265'),(200,'爱情转移',259,1,'爱情转移 - 陈奕迅.flac','/Volumes/MdieaLib/音乐库/爱情转移 - 陈奕迅.flac','','','','2024-12-16 14:21:28.347662','2024-12-16 14:21:28.347685'),(201,'爱如潮水',274,1,'爱如潮水 - 张信哲.flac','/Volumes/MdieaLib/音乐库/爱如潮水 - 张信哲.flac','','','','2024-12-16 14:21:28.428227','2024-12-16 14:21:28.428244'),(202,'爱我的人和我爱的人',273,1,'爱我的人和我爱的人 - 游鸿明.flac','/Volumes/MdieaLib/音乐库/爱我的人和我爱的人 - 游鸿明.flac','','','','2024-12-16 14:21:28.497860','2024-12-16 14:21:28.497873'),(203,'爱笑的眼睛(单曲)',253,1,'爱笑的眼睛(单曲) - 林俊杰.flac','/Volumes/MdieaLib/音乐库/爱笑的眼睛(单曲) - 林俊杰.flac','','','','2024-12-16 14:21:28.575328','2024-12-16 14:21:28.575342'),(204,'爱在西元前',234,1,'爱在西元前 - 周杰伦.flac','/Volumes/MdieaLib/音乐库/爱在西元前 - 周杰伦.flac','','','','2024-12-16 14:21:28.677166','2024-12-16 14:21:28.677193'),(205,'爱转角',295,1,'爱转角 - 罗志祥.flac','/Volumes/MdieaLib/音乐库/爱转角 - 罗志祥.flac','','','','2024-12-16 14:21:28.725338','2024-12-16 14:21:28.725354'),(206,'暧昧',312,1,'暧昧 - 薛之谦.flac','/Volumes/MdieaLib/音乐库/暧昧 - 薛之谦.flac','','','','2024-12-16 14:21:28.819885','2024-12-16 14:21:28.819905'),(207,'安静',334,1,'安静 - 周杰伦.flac','/Volumes/MdieaLib/音乐库/安静 - 周杰伦.flac','','','','2024-12-16 14:21:28.907413','2024-12-16 14:21:28.907429'),(208,'白色风车',270,1,'白色风车 - 周杰伦.flac','/Volumes/MdieaLib/音乐库/白色风车 - 周杰伦.flac','','','','2024-12-16 14:21:29.070779','2024-12-16 14:21:29.070794'),(209,'白色球鞋',278,1,'白色球鞋 - 陈奕迅.flac','/Volumes/MdieaLib/音乐库/白色球鞋 - 陈奕迅.flac','','','','2024-12-16 14:21:29.150672','2024-12-16 14:21:29.150696'),(210,'白月光与朱砂痣',204,1,'白月光与朱砂痣 - 大籽.flac','/Volumes/MdieaLib/音乐库/白月光与朱砂痣 - 大籽.flac','','','','2024-12-16 14:21:29.272878','2024-12-16 14:21:29.272895'),(211,'半城烟沙',294,2,'','','半城烟沙.mp3','/Volumes/MdieaLib/音乐库/半城烟沙.mp3','','2024-12-16 14:21:29.409002','2024-12-16 14:21:29.409018'),(212,'半兽人',247,1,'半兽人 - 周杰伦.flac','/Volumes/MdieaLib/音乐库/半兽人 - 周杰伦.flac','','','','2024-12-16 14:21:29.474571','2024-12-16 14:21:29.474585'),(213,'北京东路的日子',279,2,'','','北京东路的日子 - 华语群星.mp3','/Volumes/MdieaLib/音乐库/北京东路的日子 - 华语群星.mp3','','2024-12-16 14:21:29.552117','2024-12-16 14:21:29.552130'),(214,'本草纲目',206,1,'本草纲目 - 周杰伦.flac','/Volumes/MdieaLib/音乐库/本草纲目 - 周杰伦.flac','','','','2024-12-16 14:21:29.643085','2024-12-16 14:21:29.643100'),(215,'别',215,1,'别 - 薛之谦.flac','/Volumes/MdieaLib/音乐库/别 - 薛之谦.flac','','','','2024-12-16 14:21:29.714985','2024-12-16 14:21:29.715000'),(216,'别怕我伤心 (Live)',164,1,'别怕我伤心 (Live) - 张信哲、张艺兴.flac','/Volumes/MdieaLib/音乐库/别怕我伤心 (Live) - 张信哲、张艺兴.flac','','','','2024-12-16 14:21:29.779244','2024-12-16 14:21:29.779257'),(217,'别说我的眼泪你无所谓',294,1,'别说我的眼泪你无所谓 - 东来东往.flac','/Volumes/MdieaLib/音乐库/别说我的眼泪你无所谓 - 东来东往.flac','','','','2024-12-16 14:21:29.841087','2024-12-16 14:21:29.841102'),(218,'别在我离开之前离开',239,1,'别在我离开之前离开 - 雷诺儿.flac','/Volumes/MdieaLib/音乐库/别在我离开之前离开 - 雷诺儿.flac','','','','2024-12-16 14:21:29.957789','2024-12-16 14:21:29.957802'),(219,'不爱我就拉倒',245,1,'不爱我就拉倒 - 周杰伦.flac','/Volumes/MdieaLib/音乐库/不爱我就拉倒 - 周杰伦.flac','','','','2024-12-16 14:21:30.016757','2024-12-16 14:21:30.016773'),(220,'不该 (with aMEI)',290,1,'不该 (with aMEI) - 周杰伦.flac','/Volumes/MdieaLib/音乐库/不该 (with aMEI) - 周杰伦.flac','','','','2024-12-16 14:21:30.116014','2024-12-16 14:21:30.116031'),(221,'不将就',312,2,'','','不将就 - 李荣浩.mp3','/Volumes/MdieaLib/音乐库/不将就 - 李荣浩.mp3','','2024-12-16 14:21:30.181451','2024-12-16 14:21:30.181466'),(222,'不能说的秘密',296,1,'不能说的秘密 - 周杰伦.flac','/Volumes/MdieaLib/音乐库/不能说的秘密 - 周杰伦.flac','','','','2024-12-16 14:21:30.275162','2024-12-16 14:21:30.275179'),(223,'不能说的秘密(Live)',341,1,'不能说的秘密(Live) - 林俊杰.flac','/Volumes/MdieaLib/音乐库/不能说的秘密(Live) - 林俊杰.flac','','','','2024-12-16 14:21:30.323947','2024-12-16 14:21:30.323963'),(224,'不如不见',249,1,'不如不见 - 陈奕迅.flac','/Volumes/MdieaLib/音乐库/不如不见 - 陈奕迅.flac','','','','2024-12-16 14:21:30.389201','2024-12-16 14:21:30.389216'),(225,'不要说话',285,1,'不要说话 - 陈奕迅.flac','/Volumes/MdieaLib/音乐库/不要说话 - 陈奕迅.flac','','','','2024-12-16 14:21:30.440550','2024-12-16 14:21:30.440564'),(226,'仓颉',300,1,'仓颉 - 五月天.flac','/Volumes/MdieaLib/音乐库/仓颉 - 五月天.flac','','','','2024-12-16 14:21:30.488929','2024-12-16 14:21:30.488945'),(227,'沧海一声笑(Live)',177,1,'沧海一声笑(Live) - 那英、周杰伦、刘欢、陈奕迅.flac','/Volumes/MdieaLib/音乐库/沧海一声笑(Live) - 那英、周杰伦、刘欢、陈奕迅.flac','','','','2024-12-16 14:21:30.543025','2024-12-16 14:21:30.543043'),(228,'曾经的你',259,1,'曾经的你 - 许巍.flac','/Volumes/MdieaLib/音乐库/曾经的你 - 许巍.flac','','','','2024-12-16 14:21:30.667503','2024-12-16 14:21:30.667517'),(229,'超跑女神',155,1,'超跑女神 - 周杰伦.flac','/Volumes/MdieaLib/音乐库/超跑女神 - 周杰伦.flac','','','','2024-12-16 14:21:30.740448','2024-12-16 14:21:30.740467'),(230,'尘海',270,1,'尘海 - 毛不易.flac','/Volumes/MdieaLib/音乐库/尘海 - 毛不易.flac','','','','2024-12-16 14:21:30.871996','2024-12-16 14:21:30.872011'),(231,'赤伶',282,1,'赤伶 - 等什么君.flac','/Volumes/MdieaLib/音乐库/赤伶 - 等什么君.flac','','','','2024-12-16 14:21:30.926390','2024-12-16 14:21:30.926405'),(232,'初学者',280,1,'初学者 - 薛之谦.flac','/Volumes/MdieaLib/音乐库/初学者 - 薛之谦.flac','','','','2024-12-16 14:21:31.054316','2024-12-16 14:21:31.054331'),(233,'传奇',296,1,'传奇 - 王菲.flac','/Volumes/MdieaLib/音乐库/传奇 - 王菲.flac','','','','2024-12-16 14:21:31.129153','2024-12-16 14:21:31.129169'),(234,'辞九门回忆',240,1,'辞九门回忆 - 等什么君.flac','/Volumes/MdieaLib/音乐库/辞九门回忆 - 等什么君.flac','','','','2024-12-16 14:21:31.203170','2024-12-16 14:21:31.203187'),(235,'此生不换',265,1,'此生不换 - 青鸟飞鱼.flac','/Volumes/MdieaLib/音乐库/此生不换 - 青鸟飞鱼.flac','','','','2024-12-16 14:21:31.279715','2024-12-16 14:21:31.279733'),(236,'匆匆那年',240,1,'匆匆那年 - 王菲.flac','/Volumes/MdieaLib/音乐库/匆匆那年 - 王菲.flac','','','','2024-12-16 14:21:31.336868','2024-12-16 14:21:31.336883'),(237,'大笨钟',242,1,'大笨钟 - 周杰伦.flac','/Volumes/MdieaLib/音乐库/大笨钟 - 周杰伦.flac','','','','2024-12-16 14:21:31.445986','2024-12-16 14:21:31.446011'),(238,'带你去旅行',225,1,'带你去旅行 - 校长（张驰）.flac','/Volumes/MdieaLib/音乐库/带你去旅行 - 校长（张驰）.flac','','','','2024-12-16 14:21:31.548379','2024-12-16 14:21:31.548405'),(239,'单车 (Live)',209,1,'单车 (Live) - 陈奕迅.flac','/Volumes/MdieaLib/音乐库/单车 (Live) - 陈奕迅.flac','','','','2024-12-16 14:21:31.606010','2024-12-16 14:21:31.606024'),(240,'刀马旦',192,1,'刀马旦 - 李玟、周杰伦.flac','/Volumes/MdieaLib/音乐库/刀马旦 - 李玟、周杰伦.flac','','','','2024-12-16 14:21:31.691036','2024-12-16 14:21:31.691050'),(241,'倒带 (Live)',267,1,'倒带 (Live) - 李荣浩、斑马森林.flac','/Volumes/MdieaLib/音乐库/倒带 (Live) - 李荣浩、斑马森林.flac','','','','2024-12-16 14:21:31.751151','2024-12-16 14:21:31.751164'),(242,'倒带(Live)',276,1,'倒带(Live) - 周杰伦.flac','/Volumes/MdieaLib/音乐库/倒带(Live) - 周杰伦.flac','','','','2024-12-16 14:21:31.818414','2024-12-16 14:21:31.818428'),(243,'稻香',223,1,'稻香 - 周杰伦.flac','/Volumes/MdieaLib/音乐库/稻香 - 周杰伦.flac','','','','2024-12-16 14:21:31.913553','2024-12-16 14:21:31.913567'),(244,'等你下课(with 杨瑞代)',270,1,'等你下课(with 杨瑞代) - 周杰伦.flac','/Volumes/MdieaLib/音乐库/等你下课(with 杨瑞代) - 周杰伦.flac','','','','2024-12-16 14:21:31.971484','2024-12-16 14:21:31.971498'),(245,'第二天堂',266,1,'第二天堂 - 林俊杰.flac','/Volumes/MdieaLib/音乐库/第二天堂 - 林俊杰.flac','','','','2024-12-16 14:21:32.032657','2024-12-16 14:21:32.032672'),(246,'巅峰之上',246,1,'巅峰之上 - 毛不易.flac','/Volumes/MdieaLib/音乐库/巅峰之上 - 毛不易.flac','','','','2024-12-16 14:21:32.096360','2024-12-16 14:21:32.096377'),(247,'动物世界',230,1,'动物世界 - 薛之谦.flac','/Volumes/MdieaLib/音乐库/动物世界 - 薛之谦.flac','','','','2024-12-16 14:21:32.157901','2024-12-16 14:21:32.157913'),(248,'冻结',289,1,'冻结 - 林俊杰.flac','/Volumes/MdieaLib/音乐库/冻结 - 林俊杰.flac','','','','2024-12-16 14:21:32.206000','2024-12-16 14:21:32.206014'),(249,'独家记忆',303,1,'独家记忆 - 陈小春.flac','/Volumes/MdieaLib/音乐库/独家记忆 - 陈小春.flac','','','','2024-12-16 14:21:32.251769','2024-12-16 14:21:32.251782'),(250,'独角戏 (Live)',314,1,'独角戏 (Live) - 薛之谦.flac','/Volumes/MdieaLib/音乐库/独角戏 (Live) - 薛之谦.flac','','','','2024-12-16 14:21:32.330266','2024-12-16 14:21:32.330282'),(251,'断点',270,1,'断点 - 张敬轩.flac','/Volumes/MdieaLib/音乐库/断点 - 张敬轩.flac','','','','2024-12-16 14:21:32.412965','2024-12-16 14:21:32.412980'),(252,'断了的弦(Live)',290,1,'断了的弦(Live) - 周杰伦.flac','/Volumes/MdieaLib/音乐库/断了的弦(Live) - 周杰伦.flac','','','','2024-12-16 14:21:32.469600','2024-12-16 14:21:32.469613'),(253,'断桥残雪',227,2,'','','断桥残雪 - 许嵩.mp3','/Volumes/MdieaLib/音乐库/断桥残雪 - 许嵩.mp3','','2024-12-16 14:21:32.546193','2024-12-16 14:21:32.546212'),(254,'多幸运',249,1,'多幸运 - 韩安旭.flac','/Volumes/MdieaLib/音乐库/多幸运 - 韩安旭.flac','','','','2024-12-16 14:21:32.616508','2024-12-16 14:21:32.616521'),(255,'发如雪',299,1,'发如雪 - 周杰伦.flac','/Volumes/MdieaLib/音乐库/发如雪 - 周杰伦.flac','','','','2024-12-16 14:21:32.675041','2024-12-16 14:21:32.675055'),(256,'凡人歌',291,1,'凡人歌 - 五月天、萧敬腾.flac','/Volumes/MdieaLib/音乐库/凡人歌 - 五月天、萧敬腾.flac','','','','2024-12-16 14:21:32.746143','2024-12-16 14:21:32.746157'),(257,'反方向的钟',258,1,'反方向的钟 - 周杰伦.flac','/Volumes/MdieaLib/音乐库/反方向的钟 - 周杰伦.flac','','','','2024-12-16 14:21:32.800706','2024-12-16 14:21:32.800721'),(258,'犯贱',227,1,'犯贱 - 徐良、阿悄.flac','/Volumes/MdieaLib/音乐库/犯贱 - 徐良、阿悄.flac','','','','2024-12-16 14:21:32.891961','2024-12-16 14:21:32.891974'),(259,'方圆几里',263,1,'方圆几里 - 薛之谦.flac','/Volumes/MdieaLib/音乐库/方圆几里 - 薛之谦.flac','','','','2024-12-16 14:21:32.967531','2024-12-16 14:21:32.967548'),(260,'飞鸟和蝉',296,1,'飞鸟和蝉 - 任然.flac','/Volumes/MdieaLib/音乐库/飞鸟和蝉 - 任然.flac','','','','2024-12-16 14:21:33.062666','2024-12-16 14:21:33.062680'),(261,'芬芳一生 (Live)',239,1,'芬芳一生 (Live) - 刘惜君、毛不易.flac','/Volumes/MdieaLib/音乐库/芬芳一生 (Live) - 刘惜君、毛不易.flac','','','','2024-12-16 14:21:33.134904','2024-12-16 14:21:33.134917'),(262,'枫',277,1,'枫 - 周杰伦.flac','/Volumes/MdieaLib/音乐库/枫 - 周杰伦.flac','','','','2024-12-16 14:21:33.257441','2024-12-16 14:21:33.257458'),(263,'凤凰于飞(Live)',338,1,'凤凰于飞(Live) - 林俊杰.flac','/Volumes/MdieaLib/音乐库/凤凰于飞(Live) - 林俊杰.flac','','','','2024-12-16 14:21:33.317862','2024-12-16 14:21:33.317890'),(264,'浮夸',283,1,'浮夸 - 陈奕迅.flac','/Volumes/MdieaLib/音乐库/浮夸 - 陈奕迅.flac','','','','2024-12-16 14:21:33.370305','2024-12-16 14:21:33.370319'),(265,'富士山下',259,1,'富士山下 - 陈奕迅.flac','/Volumes/MdieaLib/音乐库/富士山下 - 陈奕迅.flac','陈奕迅 - 富士山下.mp3','/Volumes/MdieaLib/音乐库/陈奕迅 - 富士山下.mp3','','2024-12-16 14:21:33.418566','2024-12-16 14:22:04.045189'),(266,'该死的温柔',224,1,'该死的温柔 - 马天宇.flac','/Volumes/MdieaLib/音乐库/该死的温柔 - 马天宇.flac','','','','2024-12-16 14:21:33.473492','2024-12-16 14:21:33.473508'),(267,'干杯',289,1,'干杯 - 五月天.flac','/Volumes/MdieaLib/音乐库/干杯 - 五月天.flac','','','','2024-12-16 14:21:33.532936','2024-12-16 14:21:33.532950'),(268,'刚刚好',250,1,'刚刚好 - 薛之谦.flac','/Volumes/MdieaLib/音乐库/刚刚好 - 薛之谦.flac','','','','2024-12-16 14:21:33.585532','2024-12-16 14:21:33.585545'),(269,'高尚',318,1,'高尚 - 薛之谦.flac','/Volumes/MdieaLib/音乐库/高尚 - 薛之谦.flac','','','','2024-12-16 14:21:33.695209','2024-12-16 14:21:33.695224'),(270,'告白气球(Live)',212,1,'告白气球(Live) - 周杰伦、LOKEY低调组合.flac','/Volumes/MdieaLib/音乐库/告白气球(Live) - 周杰伦、LOKEY低调组合.flac','','','','2024-12-16 14:21:33.797988','2024-12-16 14:21:33.798003'),(271,'哥只是个传说',248,1,'哥只是个传说 - 陈旭.flac','/Volumes/MdieaLib/音乐库/哥只是个传说 - 陈旭.flac','','','','2024-12-16 14:21:33.854648','2024-12-16 14:21:33.854664'),(272,'给我一首歌的时间(Live)',300,1,'给我一首歌的时间(Live) - 周杰伦、蔡依林.flac','/Volumes/MdieaLib/音乐库/给我一首歌的时间(Live) - 周杰伦、蔡依林.flac','','','','2024-12-16 14:21:33.931279','2024-12-16 14:21:33.931293'),(273,'轨迹',326,1,'轨迹 - 周杰伦.flac','/Volumes/MdieaLib/音乐库/轨迹 - 周杰伦.flac','','','','2024-12-16 14:21:34.106766','2024-12-16 14:21:34.106791'),(274,'过火',302,1,'过火 - 张信哲.flac','/Volumes/MdieaLib/音乐库/过火 - 张信哲.flac','','','','2024-12-16 14:21:34.185796','2024-12-16 14:21:34.185810'),(275,'海盗',277,1,'海盗 - 蔡依林、周杰伦.flac','/Volumes/MdieaLib/音乐库/海盗 - 蔡依林、周杰伦.flac','','','','2024-12-16 14:21:34.227343','2024-12-16 14:21:34.227357'),(276,'耗尽',259,1,'耗尽 - 薛之谦、郭聪明.flac','/Volumes/MdieaLib/音乐库/耗尽 - 薛之谦、郭聪明.flac','','','','2024-12-16 14:21:34.368384','2024-12-16 14:21:34.368399'),(277,'红尘客栈',275,1,'红尘客栈 - 周杰伦.flac','/Volumes/MdieaLib/音乐库/红尘客栈 - 周杰伦.flac','','','','2024-12-16 14:21:34.439522','2024-12-16 14:21:34.439539'),(278,'红玫瑰',239,1,'红玫瑰 - 陈奕迅.flac','/Volumes/MdieaLib/音乐库/红玫瑰 - 陈奕迅.flac','','','','2024-12-16 14:21:34.511149','2024-12-16 14:21:34.511163'),(279,'红颜',218,1,'红颜 - 胡彦斌.flac','/Volumes/MdieaLib/音乐库/红颜 - 胡彦斌.flac','','','','2024-12-16 14:21:34.582246','2024-12-16 14:21:34.582261'),(280,'后会无期',211,1,'后会无期 - 汪苏泷、徐良.flac','/Volumes/MdieaLib/音乐库/后会无期 - 汪苏泷、徐良.flac','','','','2024-12-16 14:21:34.641809','2024-12-16 14:21:34.641822'),(281,'候鸟',313,1,'候鸟 - 五月天.flac','/Volumes/MdieaLib/音乐库/候鸟 - 五月天.flac','','','','2024-12-16 14:21:34.780089','2024-12-16 14:21:34.780103'),(282,'狐狸',234,1,'狐狸 - 薛之谦.flac','/Volumes/MdieaLib/音乐库/狐狸 - 薛之谦.flac','','','','2024-12-16 14:21:34.893869','2024-12-16 14:21:34.893883'),(283,'花好月圆夜',146,1,'花好月圆夜 - 杨千嬅、任贤齐.flac','/Volumes/MdieaLib/音乐库/花好月圆夜 - 杨千嬅、任贤齐.flac','','','','2024-12-16 14:21:34.963680','2024-12-16 14:21:34.963697'),(284,'画沙',273,1,'画沙 - 周杰伦、袁咏琳.flac','/Volumes/MdieaLib/音乐库/画沙 - 周杰伦、袁咏琳.flac','','','','2024-12-16 14:21:35.026767','2024-12-16 14:21:35.026781'),(285,'黄种人',284,1,'黄种人 - 谢霆锋.flac','/Volumes/MdieaLib/音乐库/黄种人 - 谢霆锋.flac','','','','2024-12-16 14:21:35.133994','2024-12-16 14:21:35.134010'),(286,'回到过去',233,1,'回到过去 - 周杰伦.flac','/Volumes/MdieaLib/音乐库/回到过去 - 周杰伦.flac','','','','2024-12-16 14:21:35.204782','2024-12-16 14:21:35.204810'),(287,'会呼吸的痛',272,1,'会呼吸的痛 - 梁静茹.flac','/Volumes/MdieaLib/音乐库/会呼吸的痛 - 梁静茹.flac','','','','2024-12-16 14:21:35.304147','2024-12-16 14:21:35.304163'),(288,'活着',271,1,'活着 - 郝云.flac','/Volumes/MdieaLib/音乐库/活着 - 郝云.flac','','','','2024-12-16 14:21:35.402907','2024-12-16 14:21:35.402924'),(289,'霍元甲',276,1,'霍元甲 - 周杰伦.flac','/Volumes/MdieaLib/音乐库/霍元甲 - 周杰伦.flac','','','','2024-12-16 14:21:35.476324','2024-12-16 14:21:35.476339'),(290,'霍元甲(Live)',197,1,'霍元甲(Live) - 周杰伦.flac','/Volumes/MdieaLib/音乐库/霍元甲(Live) - 周杰伦.flac','','','','2024-12-16 14:21:35.563719','2024-12-16 14:21:35.563737'),(291,'几人游',268,1,'几人游 - 单小源.flac','/Volumes/MdieaLib/音乐库/几人游 - 单小源.flac','','','','2024-12-16 14:21:35.655232','2024-12-16 14:21:35.655248'),(292,'江南(单曲)',267,1,'江南(单曲) - 林俊杰.flac','/Volumes/MdieaLib/音乐库/江南(单曲) - 林俊杰.flac','','','','2024-12-16 14:21:35.758996','2024-12-16 14:21:35.759011'),(293,'将军令',223,1,'将军令 - 吴克群.flac','/Volumes/MdieaLib/音乐库/将军令 - 吴克群.flac','','','','2024-12-16 14:21:35.816438','2024-12-16 14:21:35.816453'),(294,'将军令',218,1,'将军令 - 五月天.flac','/Volumes/MdieaLib/音乐库/将军令 - 五月天.flac','','','','2024-12-16 14:21:35.891162','2024-12-16 14:21:35.891175'),(295,'睫毛弯弯',242,1,'睫毛弯弯 - 王心凌.flac','/Volumes/MdieaLib/音乐库/睫毛弯弯 - 王心凌.flac','','','','2024-12-16 14:21:35.965747','2024-12-16 14:21:35.965764'),(296,'借 (Live)',214,1,'借 (Live) - 毛不易.flac','/Volumes/MdieaLib/音乐库/借 (Live) - 毛不易.flac','','','','2024-12-16 14:21:36.064232','2024-12-16 14:21:36.064246'),(297,'借口',258,1,'借口 - 周杰伦.flac','/Volumes/MdieaLib/音乐库/借口 - 周杰伦.flac','','','','2024-12-16 14:21:36.172493','2024-12-16 14:21:36.172512'),(298,'敬酒不吃',308,1,'敬酒不吃 - 许嵩.flac','/Volumes/MdieaLib/音乐库/敬酒不吃 - 许嵩.flac','','','','2024-12-16 14:21:36.250729','2024-12-16 14:21:36.250744'),(299,'就是爱你',340,2,'','','就是爱你 - 陶喆.mp3','/Volumes/MdieaLib/音乐库/就是爱你 - 陶喆.mp3','','2024-12-16 14:21:36.351261','2024-12-16 14:21:36.351278'),(300,'菊花台',293,1,'菊花台 - 周杰伦.flac','/Volumes/MdieaLib/音乐库/菊花台 - 周杰伦.flac','','','','2024-12-16 14:21:36.457221','2024-12-16 14:21:36.457237'),(301,'倔强(Life Live)',250,1,'倔强(Life Live) - 五月天.flac','/Volumes/MdieaLib/音乐库/倔强(Life Live) - 五月天.flac','','','','2024-12-16 14:21:36.623475','2024-12-16 14:21:36.623489'),(302,'开不了口',284,1,'开不了口 - 周杰伦.flac','/Volumes/MdieaLib/音乐库/开不了口 - 周杰伦.flac','','','','2024-12-16 14:21:36.685749','2024-12-16 14:21:36.685763'),(303,'可惜不是你',283,1,'可惜不是你 - 梁静茹.flac','/Volumes/MdieaLib/音乐库/可惜不是你 - 梁静茹.flac','','','','2024-12-16 14:21:36.762592','2024-12-16 14:21:36.762607'),(304,'可惜没如果(Live)',292,1,'可惜没如果(Live) - 林俊杰.flac','/Volumes/MdieaLib/音乐库/可惜没如果(Live) - 林俊杰.flac','','','','2024-12-16 14:21:36.849428','2024-12-16 14:21:36.849446'),(305,'浪漫手机',240,1,'浪漫手机 - 周杰伦.flac','/Volumes/MdieaLib/音乐库/浪漫手机 - 周杰伦.flac','','','','2024-12-16 14:21:36.943103','2024-12-16 14:21:36.943118'),(306,'浪子闲话 (DJ沈念版)',252,1,'浪子闲话 (DJ沈念版) - 花僮.flac','/Volumes/MdieaLib/音乐库/浪子闲话 (DJ沈念版) - 花僮.flac','','','','2024-12-16 14:21:37.035372','2024-12-16 14:21:37.035389'),(307,'老古董',244,1,'老古董 - 许嵩.flac','/Volumes/MdieaLib/音乐库/老古董 - 许嵩.flac','','','','2024-12-16 14:21:37.156456','2024-12-16 14:21:37.156476'),(308,'老街',318,2,'','','老街 - 李荣浩.mp3','/Volumes/MdieaLib/音乐库/老街 - 李荣浩.mp3','','2024-12-16 14:21:37.213829','2024-12-16 14:21:37.213844'),(309,'老男孩',299,2,'','','老男孩 - 群星.mp3','/Volumes/MdieaLib/音乐库/老男孩 - 群星.mp3','','2024-12-16 14:21:37.278502','2024-12-16 14:21:37.278521'),(310,'离开地球表面(Life Live)',291,1,'离开地球表面(Life Live) - 五月天、李荣浩.flac','/Volumes/MdieaLib/音乐库/离开地球表面(Life Live) - 五月天、李荣浩.flac','','','','2024-12-16 14:21:37.337783','2024-12-16 14:21:37.337797'),(311,'离人愁',248,1,'离人愁 - 李袁杰.flac','/Volumes/MdieaLib/音乐库/离人愁 - 李袁杰.flac','','','','2024-12-16 14:21:37.403096','2024-12-16 14:21:37.403111'),(312,'恋爱ing',169,1,'恋爱ing - 五月天.flac','/Volumes/MdieaLib/音乐库/恋爱ing - 五月天.flac','','','','2024-12-16 14:21:37.531247','2024-12-16 14:21:37.531264'),(313,'聊表心意',317,1,'聊表心意 - 薛之谦、刘惜君.flac','/Volumes/MdieaLib/音乐库/聊表心意 - 薛之谦、刘惜君.flac','','','','2024-12-16 14:21:37.620200','2024-12-16 14:21:37.620214'),(314,'流年',276,1,'流年 - 王菲.flac','/Volumes/MdieaLib/音乐库/流年 - 王菲.flac','','','','2024-12-16 14:21:37.691297','2024-12-16 14:21:37.691311'),(315,'六月的雨',227,1,'六月的雨 - 胡歌.flac','/Volumes/MdieaLib/音乐库/六月的雨 - 胡歌.flac','','','','2024-12-16 14:21:37.748599','2024-12-16 14:21:37.748613'),(316,'龙卷风',250,1,'龙卷风 - 周杰伦.flac','/Volumes/MdieaLib/音乐库/龙卷风 - 周杰伦.flac','','','','2024-12-16 14:21:37.798743','2024-12-16 14:21:37.798756'),(317,'麻雀',252,1,'麻雀 - 李荣浩.flac','/Volumes/MdieaLib/音乐库/麻雀 - 李荣浩.flac','','','','2024-12-16 14:21:37.881042','2024-12-16 14:21:37.881058'),(318,'慢半拍',241,1,'慢半拍 - 薛之谦.flac','/Volumes/MdieaLib/音乐库/慢半拍 - 薛之谦.flac','','','','2024-12-16 14:21:37.981932','2024-12-16 14:21:37.981947'),(319,'玫瑰花的葬礼',259,2,'','','玫瑰花的葬礼 - 许嵩.mp3','/Volumes/MdieaLib/音乐库/玫瑰花的葬礼 - 许嵩.mp3','','2024-12-16 14:21:38.102071','2024-12-16 14:21:38.102087'),(320,'梅香如故',242,1,'梅香如故 - 毛不易、周深.flac','/Volumes/MdieaLib/音乐库/梅香如故 - 毛不易、周深.flac','','','','2024-12-16 14:21:38.158662','2024-12-16 14:21:38.158678'),(321,'美了美了',224,1,'美了美了 - 小沈阳、汤潮.flac','/Volumes/MdieaLib/音乐库/美了美了 - 小沈阳、汤潮.flac','','','','2024-12-16 14:21:38.263494','2024-12-16 14:21:38.263517'),(322,'美人鱼(Live)',233,1,'美人鱼(Live) - 林俊杰.flac','/Volumes/MdieaLib/音乐库/美人鱼(Live) - 林俊杰.flac','','','','2024-12-16 14:21:38.358847','2024-12-16 14:21:38.358861'),(323,'迷迭香',249,1,'迷迭香 - 周杰伦.flac','/Volumes/MdieaLib/音乐库/迷迭香 - 周杰伦.flac','','','','2024-12-16 14:21:38.455037','2024-12-16 14:21:38.455051'),(324,'迷魂曲',229,1,'迷魂曲 - 周杰伦.flac','/Volumes/MdieaLib/音乐库/迷魂曲 - 周杰伦.flac','','','','2024-12-16 14:21:38.542524','2024-12-16 14:21:38.542541'),(325,'米兰的小铁匠',240,1,'米兰的小铁匠 - 周杰伦.flac','/Volumes/MdieaLib/音乐库/米兰的小铁匠 - 周杰伦.flac','','','','2024-12-16 14:21:38.634895','2024-12-16 14:21:38.634923'),(326,'明明就',258,1,'明明就 - 周杰伦.flac','/Volumes/MdieaLib/音乐库/明明就 - 周杰伦.flac','','','','2024-12-16 14:21:38.719868','2024-12-16 14:21:38.719885'),(327,'明明就(Live)',255,1,'明明就(Live) - 周杰伦.flac','/Volumes/MdieaLib/音乐库/明明就(Live) - 周杰伦.flac','','','','2024-12-16 14:21:38.803767','2024-12-16 14:21:38.803780'),(328,'明天过后',238,1,'明天过后 - 张杰.flac','/Volumes/MdieaLib/音乐库/明天过后 - 张杰.flac','','','','2024-12-16 14:21:38.892252','2024-12-16 14:21:38.892265'),(329,'摩天大楼',230,1,'摩天大楼 - 薛之谦.flac','/Volumes/MdieaLib/音乐库/摩天大楼 - 薛之谦.flac','','','','2024-12-16 14:21:39.004269','2024-12-16 14:21:39.004286'),(330,'莫问归期',219,1,'莫问归期 - 蒋雪儿.flac','/Volumes/MdieaLib/音乐库/莫问归期 - 蒋雪儿.flac','','','','2024-12-16 14:21:39.074402','2024-12-16 14:21:39.074417'),(331,'牧马城市',258,1,'牧马城市 - 毛不易.flac','/Volumes/MdieaLib/音乐库/牧马城市 - 毛不易.flac','','','','2024-12-16 14:21:39.170053','2024-12-16 14:21:39.170067'),(332,'那女孩对我说',280,1,'那女孩对我说 - Uu.flac','/Volumes/MdieaLib/音乐库/那女孩对我说 - Uu.flac','','','','2024-12-16 14:21:39.263758','2024-12-16 14:21:39.263776'),(333,'那些年',369,1,'那些年 - 胡夏.flac','/Volumes/MdieaLib/音乐库/那些年 - 胡夏.flac','','','','2024-12-16 14:21:39.510317','2024-12-16 14:21:39.510340'),(334,'你不是真正的快乐',299,1,'你不是真正的快乐 - 五月天.flac','/Volumes/MdieaLib/音乐库/你不是真正的快乐 - 五月天.flac','','','','2024-12-16 14:21:39.586498','2024-12-16 14:21:39.586513'),(335,'你不是真正的快乐(Live)',299,1,'你不是真正的快乐(Live) - 五月天.flac','/Volumes/MdieaLib/音乐库/你不是真正的快乐(Live) - 五月天.flac','','','','2024-12-16 14:21:39.674737','2024-12-16 14:21:39.674762'),(336,'你的背包',237,1,'你的背包 - 陈奕迅.flac','/Volumes/MdieaLib/音乐库/你的背包 - 陈奕迅.flac','','','','2024-12-16 14:21:39.759504','2024-12-16 14:21:39.759519'),(337,'你的承诺',232,1,'你的承诺 - 海鸣威.flac','/Volumes/MdieaLib/音乐库/你的承诺 - 海鸣威.flac','','','','2024-12-16 14:21:39.849331','2024-12-16 14:21:39.849347'),(338,'你的酒馆对我打了烊',251,1,'你的酒馆对我打了烊 - 陈雪凝.flac','/Volumes/MdieaLib/音乐库/你的酒馆对我打了烊 - 陈雪凝.flac','','','','2024-12-16 14:21:39.923518','2024-12-16 14:21:39.923532'),(339,'你给我听好',288,1,'你给我听好 - 陈奕迅.flac','/Volumes/MdieaLib/音乐库/你给我听好 - 陈奕迅.flac','','','','2024-12-16 14:21:39.967794','2024-12-16 14:21:39.967810'),(340,'你若成风',221,2,'','','你若成风 - 许嵩、石头剪子布.mp3','/Volumes/MdieaLib/音乐库/你若成风 - 许嵩、石头剪子布.mp3','','2024-12-16 14:21:40.095856','2024-12-16 14:21:40.095872'),(341,'你是人间四月天',180,1,'你是人间四月天 - 小沈阳、邵帅.flac','/Volumes/MdieaLib/音乐库/你是人间四月天 - 小沈阳、邵帅.flac','','','','2024-12-16 14:21:40.200524','2024-12-16 14:21:40.200543'),(342,'你是人间四月天 (Live)',178,1,'你是人间四月天 (Live) - 邵帅.flac','/Volumes/MdieaLib/音乐库/你是人间四月天 (Live) - 邵帅.flac','','','','2024-12-16 14:21:40.283840','2024-12-16 14:21:40.283856'),(343,'你是我的眼',283,1,'你是我的眼 - 林宥嘉.flac','/Volumes/MdieaLib/音乐库/你是我的眼 - 林宥嘉.flac','','','','2024-12-16 14:21:40.349850','2024-12-16 14:21:40.349864'),(344,'年少有你',276,1,'年少有你 - 李易峰.flac','/Volumes/MdieaLib/音乐库/年少有你 - 李易峰.flac','','','','2024-12-16 14:21:40.459672','2024-12-16 14:21:40.459687'),(345,'年少有为',279,2,'','','年少有为 - 李荣浩.mp3','/Volumes/MdieaLib/音乐库/年少有为 - 李荣浩.mp3','','2024-12-16 14:21:40.514663','2024-12-16 14:21:40.514677'),(346,'牛仔很忙',166,1,'牛仔很忙 - 周杰伦.flac','/Volumes/MdieaLib/音乐库/牛仔很忙 - 周杰伦.flac','','','','2024-12-16 14:21:40.607231','2024-12-16 14:21:40.607246'),(347,'暖暖',243,1,'暖暖 - 梁静茹.flac','/Volumes/MdieaLib/音乐库/暖暖 - 梁静茹.flac','','','','2024-12-16 14:21:40.673581','2024-12-16 14:21:40.673595'),(348,'诺亚方舟',344,1,'诺亚方舟 - 五月天.flac','/Volumes/MdieaLib/音乐库/诺亚方舟 - 五月天.flac','','','','2024-12-16 14:21:40.746118','2024-12-16 14:21:40.746131'),(349,'噢买尬',176,1,'噢买尬 - 五月天.flac','/Volumes/MdieaLib/音乐库/噢买尬 - 五月天.flac','','','','2024-12-16 14:21:40.851860','2024-12-16 14:21:40.851875'),(350,'派对动物',250,1,'派对动物 - 五月天.flac','/Volumes/MdieaLib/音乐库/派对动物 - 五月天.flac','','','','2024-12-16 14:21:40.899060','2024-12-16 14:21:40.899077'),(351,'陪你度过漫长岁月 (国语)',242,1,'陪你度过漫长岁月 (国语) - 陈奕迅.flac','/Volumes/MdieaLib/音乐库/陪你度过漫长岁月 (国语) - 陈奕迅.flac','','','','2024-12-16 14:21:40.965231','2024-12-16 14:21:40.965245'),(352,'陪你去流浪',274,1,'陪你去流浪 - 薛之谦.flac','/Volumes/MdieaLib/音乐库/陪你去流浪 - 薛之谦.flac','','','','2024-12-16 14:21:41.039567','2024-12-16 14:21:41.039584'),(353,'皮影戏',211,1,'皮影戏 - 周杰伦.flac','/Volumes/MdieaLib/音乐库/皮影戏 - 周杰伦.flac','','','','2024-12-16 14:21:41.080797','2024-12-16 14:21:41.080811'),(354,'骗',298,1,'骗 - 张碧晨.flac','/Volumes/MdieaLib/音乐库/骗 - 张碧晨.flac','','','','2024-12-16 14:21:41.183499','2024-12-16 14:21:41.183515'),(355,'飘移',242,1,'飘移 - 周杰伦.flac','/Volumes/MdieaLib/音乐库/飘移 - 周杰伦.flac','','','','2024-12-16 14:21:41.244962','2024-12-16 14:21:41.244976'),(356,'平凡的一天 (Live)',281,1,'平凡的一天 (Live) - 毛不易.flac','/Volumes/MdieaLib/音乐库/平凡的一天 (Live) - 毛不易.flac','','','','2024-12-16 14:21:41.329068','2024-12-16 14:21:41.329083'),(357,'平凡之路',301,1,'平凡之路 - 朴树.flac','/Volumes/MdieaLib/音乐库/平凡之路 - 朴树.flac','','','','2024-12-16 14:21:41.376037','2024-12-16 14:21:41.376051'),(358,'蒲公英的约定',245,1,'蒲公英的约定 - 周杰伦.flac','/Volumes/MdieaLib/音乐库/蒲公英的约定 - 周杰伦.flac','','','','2024-12-16 14:21:41.424384','2024-12-16 14:21:41.424400'),(359,'七夕',233,1,'七夕 - 许嵩.flac','/Volumes/MdieaLib/音乐库/七夕 - 许嵩.flac','','','','2024-12-16 14:21:41.545699','2024-12-16 14:21:41.545713'),(360,'其实',242,1,'其实 - 薛之谦.flac','/Volumes/MdieaLib/音乐库/其实 - 薛之谦.flac','','','','2024-12-16 14:21:41.602707','2024-12-16 14:21:41.602720'),(361,'千里之外 (Live)',257,1,'千里之外 (Live) - 周杰伦、费玉清.flac','/Volumes/MdieaLib/音乐库/千里之外 (Live) - 周杰伦、费玉清.flac','','','','2024-12-16 14:21:41.680435','2024-12-16 14:21:41.680450'),(362,'桥边姑娘',183,1,'桥边姑娘 - 海伦.flac','/Volumes/MdieaLib/音乐库/桥边姑娘 - 海伦.flac','','','','2024-12-16 14:21:41.764606','2024-12-16 14:21:41.764620'),(363,'青春 (Live)',213,1,'青春 (Live) - 毛不易.flac','/Volumes/MdieaLib/音乐库/青春 (Live) - 毛不易.flac','','','','2024-12-16 14:21:41.857142','2024-12-16 14:21:41.857158'),(364,'青花瓷 (DJ版)',226,1,'青花瓷 (DJ版) - 宋瑞、梦瑾、气质韩.flac','/Volumes/MdieaLib/音乐库/青花瓷 (DJ版) - 宋瑞、梦瑾、气质韩.flac','','','','2024-12-16 14:21:41.923082','2024-12-16 14:21:41.923108'),(365,'晴天(Live)',249,1,'晴天(Live) - 周杰伦.flac','/Volumes/MdieaLib/音乐库/晴天(Live) - 周杰伦.flac','','','','2024-12-16 14:21:41.981523','2024-12-16 14:21:41.981536'),(366,'秋天不回来',253,1,'秋天不回来 - 王强.flac','/Volumes/MdieaLib/音乐库/秋天不回来 - 王强.flac','','','','2024-12-16 14:21:42.062790','2024-12-16 14:21:42.062813'),(367,'求佛',286,1,'求佛 - 誓言.flac','/Volumes/MdieaLib/音乐库/求佛 - 誓言.flac','','','','2024-12-16 14:21:42.130589','2024-12-16 14:21:42.130608'),(368,'去年夏天',245,1,'去年夏天 - 王大毛.flac','/Volumes/MdieaLib/音乐库/去年夏天 - 王大毛.flac','','','','2024-12-16 14:21:42.182631','2024-12-16 14:21:42.182645'),(369,'人来人往',234,1,'人来人往 - 陈奕迅.flac','/Volumes/MdieaLib/音乐库/人来人往 - 陈奕迅.flac','','','','2024-12-16 14:21:42.245483','2024-12-16 14:21:42.245497'),(370,'忍者',158,1,'忍者 - 周杰伦.flac','/Volumes/MdieaLib/音乐库/忍者 - 周杰伦.flac','','','','2024-12-16 14:21:42.340671','2024-12-16 14:21:42.340687'),(371,'认真的雪',261,1,'认真的雪 - 薛之谦.flac','/Volumes/MdieaLib/音乐库/认真的雪 - 薛之谦.flac','','','','2024-12-16 14:21:42.389601','2024-12-16 14:21:42.389614'),(372,'日不落',226,1,'日不落 - 蔡依林.flac','/Volumes/MdieaLib/音乐库/日不落 - 蔡依林.flac','','','','2024-12-16 14:21:42.471327','2024-12-16 14:21:42.471339'),(373,'如果有一天我变得很有钱 (Live)',139,1,'如果有一天我变得很有钱 (Live) - 毛不易.flac','/Volumes/MdieaLib/音乐库/如果有一天我变得很有钱 (Live) - 毛不易.flac','','','','2024-12-16 14:21:42.576555','2024-12-16 14:21:42.576571'),(374,'如果这都不算爱 (Live)',214,1,'如果这都不算爱 (Live) - 李荣浩、陈立农.flac','/Volumes/MdieaLib/音乐库/如果这都不算爱 (Live) - 李荣浩、陈立农.flac','','','','2024-12-16 14:21:42.652998','2024-12-16 14:21:42.653016'),(375,'如果这就是爱情',282,1,'如果这就是爱情 - 张靓颖.flac','/Volumes/MdieaLib/音乐库/如果这就是爱情 - 张靓颖.flac','','','','2024-12-16 14:21:42.727863','2024-12-16 14:21:42.727877'),(376,'如烟',314,1,'如烟 - 五月天.flac','/Volumes/MdieaLib/音乐库/如烟 - 五月天.flac','','','','2024-12-16 14:21:42.846111','2024-12-16 14:21:42.846128'),(377,'入阵曲',209,1,'入阵曲 - 五月天.flac','/Volumes/MdieaLib/音乐库/入阵曲 - 五月天.flac','','','','2024-12-16 14:21:42.887045','2024-12-16 14:21:42.887061'),(378,'三年二班',280,1,'三年二班 - 周杰伦.flac','/Volumes/MdieaLib/音乐库/三年二班 - 周杰伦.flac','','','','2024-12-16 14:21:42.968588','2024-12-16 14:21:42.968606'),(379,'珊瑚海',255,1,'珊瑚海 - 周杰伦、梁心颐.flac','/Volumes/MdieaLib/音乐库/珊瑚海 - 周杰伦、梁心颐.flac','','','','2024-12-16 14:21:43.025987','2024-12-16 14:21:43.026002'),(380,'伤心的人别听慢歌',215,1,'伤心的人别听慢歌 - 五月天.flac','/Volumes/MdieaLib/音乐库/伤心的人别听慢歌 - 五月天.flac','','','','2024-12-16 14:21:43.083248','2024-12-16 14:21:43.083263'),(381,'伤心的人别听慢歌（贯彻快乐)',215,1,'伤心的人别听慢歌（贯彻快乐) - 五月天.flac','/Volumes/MdieaLib/音乐库/伤心的人别听慢歌（贯彻快乐) - 五月天.flac','','','','2024-12-16 14:21:43.150922','2024-12-16 14:21:43.150937'),(382,'上海一九四三',195,1,'上海一九四三 - 周杰伦.flac','/Volumes/MdieaLib/音乐库/上海一九四三 - 周杰伦.flac','','','','2024-12-16 14:21:43.220320','2024-12-16 14:21:43.220333'),(383,'绅士',290,1,'绅士 - 薛之谦.flac','/Volumes/MdieaLib/音乐库/绅士 - 薛之谦.flac','','','','2024-12-16 14:21:43.315676','2024-12-16 14:21:43.315699'),(384,'生如夏花',294,1,'生如夏花 - 朴树.flac','/Volumes/MdieaLib/音乐库/生如夏花 - 朴树.flac','','','','2024-12-16 14:21:43.388445','2024-12-16 14:21:43.388460'),(385,'盛夏的果实',251,1,'盛夏的果实 - 莫文蔚.flac','/Volumes/MdieaLib/音乐库/盛夏的果实 - 莫文蔚.flac','','','','2024-12-16 14:21:43.442748','2024-12-16 14:21:43.442762'),(386,'盛夏光年',282,1,'盛夏光年 - 五月天.flac','/Volumes/MdieaLib/音乐库/盛夏光年 - 五月天.flac','','','','2024-12-16 14:21:43.523298','2024-12-16 14:21:43.523313'),(387,'十年',205,1,'十年 - 陈奕迅.flac','/Volumes/MdieaLib/音乐库/十年 - 陈奕迅.flac','','','','2024-12-16 14:21:43.605305','2024-12-16 14:21:43.605323'),(388,'世间美好与你环环相扣 (DJ女版)',173,2,'','','世间美好与你环环相扣 (DJ女版) - 沈孝.mp3','/Volumes/MdieaLib/音乐库/世间美好与你环环相扣 (DJ女版) - 沈孝.mp3','','2024-12-16 14:21:43.663420','2024-12-16 14:21:43.663433'),(389,'世界这么大还是遇见你',237,1,'世界这么大还是遇见你 - 程响.flac','/Volumes/MdieaLib/音乐库/世界这么大还是遇见你 - 程响.flac','','','','2024-12-16 14:21:43.717556','2024-12-16 14:21:43.717570'),(390,'手放开',265,1,'手放开 - 李圣杰.flac','/Volumes/MdieaLib/音乐库/手放开 - 李圣杰.flac','','','','2024-12-16 14:21:43.767911','2024-12-16 14:21:43.767926'),(391,'双截棍',201,1,'双截棍 - 周杰伦.flac','/Volumes/MdieaLib/音乐库/双截棍 - 周杰伦.flac','','','','2024-12-16 14:21:43.840340','2024-12-16 14:21:43.840358'),(392,'说好不哭 (with 五月天阿信)',222,1,'说好不哭 (with 五月天阿信) - 周杰伦.flac','/Volumes/MdieaLib/音乐库/说好不哭 (with 五月天阿信) - 周杰伦.flac','','','','2024-12-16 14:21:43.926046','2024-12-16 14:21:43.926060'),(393,'说好的幸福呢',256,1,'说好的幸福呢 - 周杰伦.flac','/Volumes/MdieaLib/音乐库/说好的幸福呢 - 周杰伦.flac','','','','2024-12-16 14:21:44.005519','2024-12-16 14:21:44.005536'),(394,'说谎',264,1,'说谎 - 林宥嘉.flac','/Volumes/MdieaLib/音乐库/说谎 - 林宥嘉.flac','','','','2024-12-16 14:21:44.121807','2024-12-16 14:21:44.121830'),(395,'说走就走',266,1,'说走就走 - 周杰伦.flac','/Volumes/MdieaLib/音乐库/说走就走 - 周杰伦.flac','','','','2024-12-16 14:21:44.252076','2024-12-16 14:21:44.252090'),(396,'私奔到月球',226,1,'私奔到月球 - 五月天、陈绮贞.flac','/Volumes/MdieaLib/音乐库/私奔到月球 - 五月天、陈绮贞.flac','','','','2024-12-16 14:21:44.303028','2024-12-16 14:21:44.303048'),(397,'撕夜',278,1,'撕夜 - 阿杜.flac','/Volumes/MdieaLib/音乐库/撕夜 - 阿杜.flac','','','','2024-12-16 14:21:44.343584','2024-12-16 14:21:44.343600'),(398,'死了都要爱',269,1,'死了都要爱 - 信乐团.flac','/Volumes/MdieaLib/音乐库/死了都要爱 - 信乐团.flac','','','','2024-12-16 14:21:44.416838','2024-12-16 14:21:44.416855'),(399,'肆无忌惮',259,1,'肆无忌惮 - 薛之谦.flac','/Volumes/MdieaLib/音乐库/肆无忌惮 - 薛之谦.flac','','','','2024-12-16 14:21:44.474664','2024-12-16 14:21:44.474678'),(400,'素颜',238,1,'素颜 - 许嵩、何曼婷.flac','/Volumes/MdieaLib/音乐库/素颜 - 许嵩、何曼婷.flac','','','','2024-12-16 14:21:44.531503','2024-12-16 14:21:44.531515'),(401,'他一定很爱你',214,1,'他一定很爱你 - 阿杜.flac','/Volumes/MdieaLib/音乐库/他一定很爱你 - 阿杜.flac','','','','2024-12-16 14:21:44.771945','2024-12-16 14:21:44.771963'),(402,'她的睫毛',232,1,'她的睫毛 - 周杰伦.flac','/Volumes/MdieaLib/音乐库/她的睫毛 - 周杰伦.flac','','','','2024-12-16 14:21:44.839742','2024-12-16 14:21:44.839756'),(403,'太坦白',296,1,'太坦白 - 李荣浩.flac','/Volumes/MdieaLib/音乐库/太坦白 - 李荣浩.flac','','','','2024-12-16 14:21:44.901400','2024-12-16 14:21:44.901418'),(404,'淘汰',285,1,'淘汰 - 陈奕迅.flac','/Volumes/MdieaLib/音乐库/淘汰 - 陈奕迅.flac','','','','2024-12-16 14:21:44.982033','2024-12-16 14:21:44.982050'),(405,'天份',248,1,'天份 - 薛之谦.flac','/Volumes/MdieaLib/音乐库/天份 - 薛之谦.flac','','','','2024-12-16 14:21:45.040313','2024-12-16 14:21:45.040330'),(406,'天后 (Live)',247,1,'天后 (Live) - 薛之谦.flac','/Volumes/MdieaLib/音乐库/天后 (Live) - 薛之谦.flac','','','','2024-12-16 14:21:45.128597','2024-12-16 14:21:45.128614'),(407,'天使',250,1,'天使 - 五月天.flac','/Volumes/MdieaLib/音乐库/天使 - 五月天.flac','','','','2024-12-16 14:21:45.177808','2024-12-16 14:21:45.177820'),(408,'天使的翅膀',220,1,'天使的翅膀 - 安琥.flac','/Volumes/MdieaLib/音乐库/天使的翅膀 - 安琥.flac','','','','2024-12-16 14:21:45.238282','2024-12-16 14:21:45.238296'),(409,'天外来物',257,1,'天外来物 - 薛之谦.flac','/Volumes/MdieaLib/音乐库/天外来物 - 薛之谦.flac','','','','2024-12-16 14:21:45.289145','2024-12-16 14:21:45.289161'),(410,'听不到',299,1,'听不到 - 五月天.flac','/Volumes/MdieaLib/音乐库/听不到 - 五月天.flac','','','','2024-12-16 14:21:45.415680','2024-12-16 14:21:45.415697'),(411,'同桌的你 (风行版)',231,1,'同桌的你 (风行版) - 老狼.flac','/Volumes/MdieaLib/音乐库/同桌的你 (风行版) - 老狼.flac','','','','2024-12-16 14:21:45.465835','2024-12-16 14:21:45.465848'),(412,'突然好想你 live in the sky',270,1,'突然好想你 live in the sky - 五月天、李荣浩、萧敬腾、毛不易.flac','/Volumes/MdieaLib/音乐库/突然好想你 live in the sky - 五月天、李荣浩、萧敬腾、毛不易.flac','','','','2024-12-16 14:21:45.576489','2024-12-16 14:21:45.576502'),(413,'突然好想你(Live)',278,1,'突然好想你(Live) - 五月天.flac','/Volumes/MdieaLib/音乐库/突然好想你(Live) - 五月天.flac','','','','2024-12-16 14:21:45.619586','2024-12-16 14:21:45.619599'),(414,'退后',259,1,'退后 - 周杰伦.flac','/Volumes/MdieaLib/音乐库/退后 - 周杰伦.flac','','','','2024-12-16 14:21:45.665564','2024-12-16 14:21:45.665582'),(415,'娃娃脸',212,1,'娃娃脸 - 后弦.flac','/Volumes/MdieaLib/音乐库/娃娃脸 - 后弦.flac','','','','2024-12-16 14:21:45.758758','2024-12-16 14:21:45.758784'),(416,'完美主义',244,1,'完美主义 - 周杰伦.flac','/Volumes/MdieaLib/音乐库/完美主义 - 周杰伦.flac','','','','2024-12-16 14:21:45.899830','2024-12-16 14:21:45.899844'),(417,'万有引力',245,1,'万有引力 - 汪苏泷.flac','/Volumes/MdieaLib/音乐库/万有引力 - 汪苏泷.flac','','','','2024-12-16 14:21:45.960320','2024-12-16 14:21:45.960338'),(418,'违背的青春',336,1,'违背的青春 - 薛之谦.flac','/Volumes/MdieaLib/音乐库/违背的青春 - 薛之谦.flac','','','','2024-12-16 14:21:46.114499','2024-12-16 14:21:46.114515'),(419,'为了遇见你',240,1,'为了遇见你 - 薛之谦.flac','/Volumes/MdieaLib/音乐库/为了遇见你 - 薛之谦.flac','','','','2024-12-16 14:21:46.218995','2024-12-16 14:21:46.219009'),(420,'温泉',283,1,'温泉 - 许嵩、刘美麟.flac','/Volumes/MdieaLib/音乐库/温泉 - 许嵩、刘美麟.flac','','','','2024-12-16 14:21:46.264628','2024-12-16 14:21:46.264642'),(421,'温柔',269,1,'温柔 - 五月天.flac','/Volumes/MdieaLib/音乐库/温柔 - 五月天.flac','','','','2024-12-16 14:21:46.324301','2024-12-16 14:21:46.324314'),(422,'温柔 #MaydayBlue20th',271,1,'温柔 MaydayBlue20th - 五月天、孙燕姿.flac','/Volumes/MdieaLib/音乐库/温柔 MaydayBlue20th - 五月天、孙燕姿.flac','','','','2024-12-16 14:21:46.407706','2024-12-16 14:21:46.407723'),(423,'吻得太逼真',231,1,'吻得太逼真 - 张敬轩.flac','/Volumes/MdieaLib/音乐库/吻得太逼真 - 张敬轩.flac','','','','2024-12-16 14:21:46.465527','2024-12-16 14:21:46.465541'),(424,'我爱你不问归期',254,1,'我爱你不问归期 - 白小白.flac','/Volumes/MdieaLib/音乐库/我爱你不问归期 - 白小白.flac','','','','2024-12-16 14:21:46.544900','2024-12-16 14:21:46.544913'),(425,'我不配',288,1,'我不配 - 周杰伦.flac','/Volumes/MdieaLib/音乐库/我不配 - 周杰伦.flac','','','','2024-12-16 14:21:46.603291','2024-12-16 14:21:46.603308'),(426,'我不愿 让你一个人',265,1,'我不愿 让你一个人 - 五月天.flac','/Volumes/MdieaLib/音乐库/我不愿 让你一个人 - 五月天.flac','','','','2024-12-16 14:21:46.683742','2024-12-16 14:21:46.683756'),(427,'我好像在哪见过你',279,1,'我好像在哪见过你 - 薛之谦.flac','/Volumes/MdieaLib/音乐库/我好像在哪见过你 - 薛之谦.flac','','','','2024-12-16 14:21:46.784123','2024-12-16 14:21:46.784139'),(428,'我们不该这样的 (DJ新弹跳)',221,1,'我们不该这样的 (DJ新弹跳) - 攀娘、扎哥.flac','/Volumes/MdieaLib/音乐库/我们不该这样的 (DJ新弹跳) - 攀娘、扎哥.flac','','','','2024-12-16 14:21:46.841387','2024-12-16 14:21:46.841401'),(429,'我是如此相信',266,1,'我是如此相信 - 周杰伦.flac','/Volumes/MdieaLib/音乐库/我是如此相信 - 周杰伦.flac','','','','2024-12-16 14:21:46.959704','2024-12-16 14:21:46.959721'),(430,'我又初恋了',232,1,'我又初恋了 - 五月天.flac','/Volumes/MdieaLib/音乐库/我又初恋了 - 五月天.flac','','','','2024-12-16 14:21:47.062338','2024-12-16 14:21:47.062353'),(431,'屋顶',319,1,'屋顶 - 周杰伦、温岚.flac','/Volumes/MdieaLib/音乐库/屋顶 - 周杰伦、温岚.flac','','','','2024-12-16 14:21:47.177638','2024-12-16 14:21:47.177656'),(432,'下山',173,1,'下山 - 要不要买菜.flac','/Volumes/MdieaLib/音乐库/下山 - 要不要买菜.flac','','','','2024-12-16 14:21:47.332331','2024-12-16 14:21:47.332356'),(433,'下雨了',305,1,'下雨了 - 薛之谦.flac','/Volumes/MdieaLib/音乐库/下雨了 - 薛之谦.flac','','','','2024-12-16 14:21:47.429374','2024-12-16 14:21:47.429395'),(434,'咸鱼',249,1,'咸鱼 - 五月天.flac','/Volumes/MdieaLib/音乐库/咸鱼 - 五月天.flac','','','','2024-12-16 14:21:47.479985','2024-12-16 14:21:47.480002'),(435,'相信自己',213,1,'相信自己 - 零点乐队.flac','/Volumes/MdieaLib/音乐库/相信自己 - 零点乐队.flac','','','','2024-12-16 14:21:47.553222','2024-12-16 14:21:47.553238'),(436,'香水',277,1,'香水 - 五月天.flac','/Volumes/MdieaLib/音乐库/香水 - 五月天.flac','','','','2024-12-16 14:21:47.614352','2024-12-16 14:21:47.614371'),(437,'想把我唱给你听',289,1,'想把我唱给你听 - 老狼、王婧.flac','/Volumes/MdieaLib/音乐库/想把我唱给你听 - 老狼、王婧.flac','','','','2024-12-16 14:21:47.667657','2024-12-16 14:21:47.667671'),(438,'想太多 (Live)',220,1,'想太多 (Live) - 李荣浩.flac','/Volumes/MdieaLib/音乐库/想太多 (Live) - 李荣浩.flac','','','','2024-12-16 14:21:47.737786','2024-12-16 14:21:47.737807'),(439,'像风一样',255,1,'像风一样 - 薛之谦.flac','/Volumes/MdieaLib/音乐库/像风一样 - 薛之谦.flac','','','','2024-12-16 14:21:47.816375','2024-12-16 14:21:47.816393'),(440,'像我这样的人 (Live)',171,1,'像我这样的人 (Live) - 毛不易.flac','/Volumes/MdieaLib/音乐库/像我这样的人 (Live) - 毛不易.flac','','','','2024-12-16 14:21:47.878965','2024-12-16 14:21:47.878978'),(441,'消愁 (Live)',179,1,'消愁 (Live) - 毛不易.flac','/Volumes/MdieaLib/音乐库/消愁 (Live) - 毛不易.flac','','','','2024-12-16 14:21:47.906966','2024-12-16 14:21:47.906980'),(442,'小情歌',273,1,'小情歌 - 苏打绿.flac','/Volumes/MdieaLib/音乐库/小情歌 - 苏打绿.flac','','','','2024-12-16 14:21:47.959514','2024-12-16 14:21:47.959528'),(443,'小星星',196,1,'小星星 - 汪苏泷.flac','/Volumes/MdieaLib/音乐库/小星星 - 汪苏泷.flac','','','','2024-12-16 14:21:48.064046','2024-12-16 14:21:48.064059'),(444,'小幸运 (Live)',267,1,'小幸运 (Live) - 薛之谦、欧阳娜娜.flac','/Volumes/MdieaLib/音乐库/小幸运 (Live) - 薛之谦、欧阳娜娜.flac','','','','2024-12-16 14:21:48.136030','2024-12-16 14:21:48.136043'),(445,'笑纳',272,1,'笑纳 - 花僮.flac','/Volumes/MdieaLib/音乐库/笑纳 - 花僮.flac','','','','2024-12-16 14:21:48.177271','2024-12-16 14:21:48.177285'),(446,'笑纳 (DJ沈念版)',296,1,'笑纳 (DJ沈念版) - 花僮.flac','/Volumes/MdieaLib/音乐库/笑纳 (DJ沈念版) - 花僮.flac','','','','2024-12-16 14:21:48.233206','2024-12-16 14:21:48.233220'),(447,'笑忘歌',254,1,'笑忘歌 - 五月天.flac','/Volumes/MdieaLib/音乐库/笑忘歌 - 五月天.flac','','','','2024-12-16 14:21:48.309780','2024-12-16 14:21:48.309793'),(448,'笑忘书 (Live)',272,1,'笑忘书 (Live) - 李荣浩.flac','/Volumes/MdieaLib/音乐库/笑忘书 (Live) - 李荣浩.flac','','','','2024-12-16 14:21:48.366858','2024-12-16 14:21:48.366872'),(449,'心雨',267,1,'心雨 - 周杰伦.flac','/Volumes/MdieaLib/音乐库/心雨 - 周杰伦.flac','','','','2024-12-16 14:21:48.414875','2024-12-16 14:21:48.414889'),(450,'星空',283,1,'星空 - 五月天.flac','/Volumes/MdieaLib/音乐库/星空 - 五月天.flac','','','','2024-12-16 14:21:48.474904','2024-12-16 14:21:48.474918'),(451,'星晴',259,1,'星晴 - 周杰伦.flac','/Volumes/MdieaLib/音乐库/星晴 - 周杰伦.flac','','','','2024-12-16 14:21:48.528894','2024-12-16 14:21:48.528907'),(452,'星月神话',251,1,'星月神话 - 金莎.flac','/Volumes/MdieaLib/音乐库/星月神话 - 金莎.flac','','','','2024-12-16 14:21:48.576373','2024-12-16 14:21:48.576387'),(453,'星月神话 (抖音DJ版)',298,1,'星月神话 (抖音DJ版) - 抖音热歌、陈烁.flac','/Volumes/MdieaLib/音乐库/星月神话 (抖音DJ版) - 抖音热歌、陈烁.flac','','','','2024-12-16 14:21:48.629637','2024-12-16 14:21:48.629651'),(454,'哑巴',261,1,'哑巴 - 薛之谦.flac','/Volumes/MdieaLib/音乐库/哑巴 - 薛之谦.flac','','','','2024-12-16 14:21:48.690446','2024-12-16 14:21:48.690460'),(455,'演员',261,1,'演员 - 薛之谦.flac','/Volumes/MdieaLib/音乐库/演员 - 薛之谦.flac','','','','2024-12-16 14:21:48.746418','2024-12-16 14:21:48.746431'),(456,'燕尾蝶(Live)',269,1,'燕尾蝶(Live) - 五月天.flac','/Volumes/MdieaLib/音乐库/燕尾蝶(Live) - 五月天.flac','','','','2024-12-16 14:21:48.824056','2024-12-16 14:21:48.824071'),(457,'阳光宅男',220,1,'阳光宅男 - 周杰伦.flac','/Volumes/MdieaLib/音乐库/阳光宅男 - 周杰伦.flac','','','','2024-12-16 14:21:48.905508','2024-12-16 14:21:48.905525'),(458,'洋葱',278,1,'洋葱 - 杨宗纬.flac','/Volumes/MdieaLib/音乐库/洋葱 - 杨宗纬.flac','','','','2024-12-16 14:21:48.988835','2024-12-16 14:21:48.988849'),(459,'爷爷泡的茶',240,1,'爷爷泡的茶 - 周杰伦.flac','/Volumes/MdieaLib/音乐库/爷爷泡的茶 - 周杰伦.flac','','','','2024-12-16 14:21:49.072313','2024-12-16 14:21:49.072329'),(460,'野心',220,1,'野心 - 薛之谦.flac','/Volumes/MdieaLib/音乐库/野心 - 薛之谦.flac','','','','2024-12-16 14:21:49.149101','2024-12-16 14:21:49.149119'),(461,'夜曲(Live)',223,1,'夜曲(Live) - 周杰伦.flac','/Volumes/MdieaLib/音乐库/夜曲(Live) - 周杰伦.flac','','','','2024-12-16 14:21:49.215235','2024-12-16 14:21:49.215248'),(462,'一程山路 (Live)',197,1,'一程山路 (Live) - 毛不易.flac','/Volumes/MdieaLib/音乐库/一程山路 (Live) - 毛不易.flac','','','','2024-12-16 14:21:49.285336','2024-12-16 14:21:49.285350'),(463,'一个像夏天一个像秋天',114,1,'一个像夏天一个像秋天 - 范玮琪.flac','/Volumes/MdieaLib/音乐库/一个像夏天一个像秋天 - 范玮琪.flac','','','','2024-12-16 14:21:49.423581','2024-12-16 14:21:49.423597'),(464,'一路向北(Live)',297,1,'一路向北(Live) - 周杰伦.flac','/Volumes/MdieaLib/音乐库/一路向北(Live) - 周杰伦.flac','','','','2024-12-16 14:21:49.689608','2024-12-16 14:21:49.689626'),(465,'一千年以后(单曲)',227,1,'一千年以后(单曲) - 林俊杰.flac','/Volumes/MdieaLib/音乐库/一千年以后(单曲) - 林俊杰.flac','','','','2024-12-16 14:21:49.753971','2024-12-16 14:21:49.753986'),(466,'一丝不挂',242,1,'一丝不挂 - 陈奕迅.flac','/Volumes/MdieaLib/音乐库/一丝不挂 - 陈奕迅.flac','','','','2024-12-16 14:21:49.822606','2024-12-16 14:21:49.822620'),(467,'一眼万年',269,1,'一眼万年 - S.H.E.flac','/Volumes/MdieaLib/音乐库/一眼万年 - S.H.E.flac','','','','2024-12-16 14:21:49.894666','2024-12-16 14:21:49.894678'),(468,'意外',287,1,'意外 - 薛之谦.flac','/Volumes/MdieaLib/音乐库/意外 - 薛之谦.flac','','','','2024-12-16 14:21:49.978757','2024-12-16 14:21:49.978775'),(469,'因为爱情',216,1,'因为爱情 - 陈奕迅、王菲.flac','/Volumes/MdieaLib/音乐库/因为爱情 - 陈奕迅、王菲.flac','','','','2024-12-16 14:21:50.041922','2024-12-16 14:21:50.041936'),(470,'阴天快乐',260,1,'阴天快乐 - 陈奕迅.flac','/Volumes/MdieaLib/音乐库/阴天快乐 - 陈奕迅.flac','','','','2024-12-16 14:21:50.079779','2024-12-16 14:21:50.079797'),(471,'隐形的翅膀',222,1,'隐形的翅膀 - 张韶涵.flac','/Volumes/MdieaLib/音乐库/隐形的翅膀 - 张韶涵.flac','','','','2024-12-16 14:21:50.123081','2024-12-16 14:21:50.123098'),(472,'勇气',239,1,'勇气 - 梁静茹.flac','/Volumes/MdieaLib/音乐库/勇气 - 梁静茹.flac','','','','2024-12-16 14:21:50.211949','2024-12-16 14:21:50.211963'),(473,'游京',225,1,'游京 - 海伦.flac','/Volumes/MdieaLib/音乐库/游京 - 海伦.flac','','','','2024-12-16 14:21:50.317969','2024-12-16 14:21:50.317981'),(474,'有没有',252,1,'有没有 - 薛之谦.flac','/Volumes/MdieaLib/音乐库/有没有 - 薛之谦.flac','','','','2024-12-16 14:21:50.366252','2024-12-16 14:21:50.366275'),(475,'虞兮叹',210,1,'虞兮叹 - 闻人听書_.flac','/Volumes/MdieaLib/音乐库/虞兮叹 - 闻人听書_.flac','','','','2024-12-16 14:21:50.450347','2024-12-16 14:21:50.450363'),(476,'浴火成诗',337,1,'浴火成诗 - 迪丽热巴、毛不易.flac','/Volumes/MdieaLib/音乐库/浴火成诗 - 迪丽热巴、毛不易.flac','','','','2024-12-16 14:21:50.517046','2024-12-16 14:21:50.517060'),(477,'园游会',253,1,'园游会 - 周杰伦.flac','/Volumes/MdieaLib/音乐库/园游会 - 周杰伦.flac','','','','2024-12-16 14:21:50.585530','2024-12-16 14:21:50.585545'),(478,'月半小夜曲',293,1,'月半小夜曲 - 李克勤.flac','/Volumes/MdieaLib/音乐库/月半小夜曲 - 李克勤.flac','','','','2024-12-16 14:21:50.656432','2024-12-16 14:21:50.656448'),(479,'这一生关于你的风景',255,1,'这一生关于你的风景 - 枯木逢春.flac','/Volumes/MdieaLib/音乐库/这一生关于你的风景 - 枯木逢春.flac','','','','2024-12-16 14:21:50.714312','2024-12-16 14:21:50.714328'),(480,'知足',313,1,'知足 - 五月天.flac','/Volumes/MdieaLib/音乐库/知足 - 五月天.flac','','','','2024-12-16 14:21:50.791817','2024-12-16 14:21:50.791831'),(481,'栀子花开',251,1,'栀子花开 - 何炅、王诗龄.flac','/Volumes/MdieaLib/音乐库/栀子花开 - 何炅、王诗龄.flac','','','','2024-12-16 14:21:50.843267','2024-12-16 14:21:50.843280'),(482,'止战之殇',274,1,'止战之殇 - 周杰伦.flac','/Volumes/MdieaLib/音乐库/止战之殇 - 周杰伦.flac','','','','2024-12-16 14:21:50.923173','2024-12-16 14:21:50.923189'),(483,'只对你有感觉',239,1,'只对你有感觉 - 飞轮海、田馥甄.flac','/Volumes/MdieaLib/音乐库/只对你有感觉 - 飞轮海、田馥甄.flac','','','','2024-12-16 14:21:50.990141','2024-12-16 14:21:50.990154'),(484,'纸船',247,1,'纸船 - 薛之谦、郁可唯.flac','/Volumes/MdieaLib/音乐库/纸船 - 薛之谦、郁可唯.flac','','','','2024-12-16 14:21:51.059652','2024-12-16 14:21:51.059673'),(485,'至少还有你(Live)',280,1,'至少还有你(Live) - 林俊杰.flac','/Volumes/MdieaLib/音乐库/至少还有你(Live) - 林俊杰.flac','','','','2024-12-16 14:21:51.128100','2024-12-16 14:21:51.128117'),(486,'中国话',191,1,'中国话 - S.H.E.flac','/Volumes/MdieaLib/音乐库/中国话 - S.H.E.flac','','','','2024-12-16 14:21:51.191501','2024-12-16 14:21:51.191516'),(487,'周大侠',134,1,'周大侠 - 周杰伦.flac','/Volumes/MdieaLib/音乐库/周大侠 - 周杰伦.flac','','','','2024-12-16 14:21:51.281933','2024-12-16 14:21:51.281951'),(488,'追梦赤子心',317,1,'追梦赤子心 - GALA.flac','/Volumes/MdieaLib/音乐库/追梦赤子心 - GALA.flac','','','','2024-12-16 14:21:51.371734','2024-12-16 14:21:51.371749'),(489,'最初的梦想',296,1,'最初的梦想 - 范玮琪.flac','/Volumes/MdieaLib/音乐库/最初的梦想 - 范玮琪.flac','','','','2024-12-16 14:21:51.469004','2024-12-16 14:21:51.469017'),(490,'最好',255,1,'最好 - 薛之谦.flac','/Volumes/MdieaLib/音乐库/最好 - 薛之谦.flac','','','','2024-12-16 14:21:51.508456','2024-12-16 14:21:51.508470'),(491,'最后的战役',251,1,'最后的战役 - 周杰伦.flac','/Volumes/MdieaLib/音乐库/最后的战役 - 周杰伦.flac','','','','2024-12-16 14:21:51.581660','2024-12-16 14:21:51.581673'),(492,'最向往的地方',232,1,'最向往的地方 - 林俊杰.flac','/Volumes/MdieaLib/音乐库/最向往的地方 - 林俊杰.flac','','','','2024-12-16 14:21:51.690502','2024-12-16 14:21:51.690528'),(493,'最长的电影(Live)',241,1,'最长的电影(Live) - 周杰伦.flac','/Volumes/MdieaLib/音乐库/最长的电影(Live) - 周杰伦.flac','','','','2024-12-16 14:21:51.755550','2024-12-16 14:21:51.755564'),(494,'最重要的小事',290,1,'最重要的小事 - 五月天.flac','/Volumes/MdieaLib/音乐库/最重要的小事 - 五月天.flac','','','','2024-12-16 14:21:51.815315','2024-12-16 14:21:51.815329'),(495,'左边',274,1,'左边 - 杨丞琳.flac','/Volumes/MdieaLib/音乐库/左边 - 杨丞琳.flac','','','','2024-12-16 14:21:51.916645','2024-12-16 14:21:51.916660'),(496,'K歌之王 (粤语)',222,1,'K歌之王 (粤语) - 陈奕迅.flac','/Volumes/MdieaLib/音乐库/K歌之王 (粤语) - 陈奕迅.flac','','','','2024-12-16 14:21:52.059260','2024-12-16 14:21:52.059282'),(497,'Lemon Tree',191,1,'Lemon Tree - Fool\'s Garden.flac','/Volumes/MdieaLib/音乐库/Lemon Tree - Fool\'s Garden.flac','','','','2024-12-16 14:21:52.127886','2024-12-16 14:21:52.127901'),(498,'Mojito',185,1,'Mojito - 周杰伦.flac','/Volumes/MdieaLib/音乐库/Mojito - 周杰伦.flac','','','','2024-12-16 14:21:52.188135','2024-12-16 14:21:52.188149'),(499,'Take Me To Your Heart',238,1,'Take Me To Your Heart - Michael Learns To Rock.flac','/Volumes/MdieaLib/音乐库/Take Me To Your Heart - Michael Learns To Rock.flac','','','','2024-12-16 14:21:52.298484','2024-12-16 14:21:52.298497'),(500,'半岛铁盒',319,1,'半岛铁盒.flac','/Volumes/MdieaLib/音乐库/半岛铁盒.flac','','','','2024-12-16 14:21:52.368008','2024-12-16 14:21:52.368021'),(501,'龙战骑士',271,1,'01. 龙战骑士.flac','/Volumes/MdieaLib/音乐库/01. 龙战骑士.flac','','','','2024-12-16 14:21:52.678082','2024-12-16 14:21:52.678096'),(502,'夜的第七章',228,1,'01. 夜的第七章.flac','/Volumes/MdieaLib/音乐库/01. 夜的第七章.flac','','','','2024-12-16 14:21:52.800093','2024-12-16 14:21:52.800107'),(503,'爸我回来了',235,1,'02. 爸我回来了.flac','/Volumes/MdieaLib/音乐库/02. 爸我回来了.flac','','','','2024-12-16 14:21:52.877923','2024-12-16 14:21:52.877936'),(504,'给我一首歌的时间',253,1,'02. 给我一首歌的时间.flac','/Volumes/MdieaLib/音乐库/02. 给我一首歌的时间.flac','','','','2024-12-16 14:21:53.000767','2024-12-16 14:21:53.000781'),(505,'听妈妈的话',265,1,'02. 听妈妈的话.flac','/Volumes/MdieaLib/音乐库/02. 听妈妈的话.flac','','','','2024-12-16 14:21:53.060364','2024-12-16 14:21:53.060382'),(506,'暗号',269,1,'03. 暗号.flac','/Volumes/MdieaLib/音乐库/03. 暗号.flac','','','','2024-12-16 14:21:53.197670','2024-12-16 14:21:53.197691'),(507,'简单爱',270,1,'03. 简单爱.flac','/Volumes/MdieaLib/音乐库/03. 简单爱.flac','','','','2024-12-16 14:21:53.256145','2024-12-16 14:21:53.256159'),(508,'千里之外',256,1,'03. 千里之外.flac','/Volumes/MdieaLib/音乐库/03. 千里之外.flac','','','','2024-12-16 14:21:53.350226','2024-12-16 14:21:53.350240'),(509,'蛇舞',174,1,'03. 蛇舞.flac','/Volumes/MdieaLib/音乐库/03. 蛇舞.flac','','','','2024-12-16 14:21:53.470568','2024-12-16 14:21:53.470587'),(510,'花海',264,1,'04. 花海.flac','/Volumes/MdieaLib/音乐库/04. 花海.flac','','','','2024-12-16 14:21:53.727975','2024-12-16 14:21:53.727989'),(511,'龙拳',272,1,'04. 龙拳.flac','/Volumes/MdieaLib/音乐库/04. 龙拳.flac','','','','2024-12-16 14:21:53.788390','2024-12-16 14:21:53.788405'),(512,'娘子',271,1,'04. 娘子.flac','/Volumes/MdieaLib/音乐库/04. 娘子.flac','','','','2024-12-16 14:21:53.858418','2024-12-16 14:21:53.858431'),(513,'斗牛',278,1,'05. 斗牛.flac','/Volumes/MdieaLib/音乐库/05. 斗牛.flac','','','','2024-12-16 14:21:53.995949','2024-12-16 14:21:53.995965'),(514,'火车去哪里',274,1,'05. 火车去哪里.flac','/Volumes/MdieaLib/音乐库/05. 火车去哪里.flac','','','','2024-12-16 14:21:54.165774','2024-12-16 14:21:54.165790'),(515,'魔杰先生',227,1,'05. 魔杰先生.flac','/Volumes/MdieaLib/音乐库/05. 魔杰先生.flac','','','','2024-12-16 14:21:54.330431','2024-12-16 14:21:54.330448'),(516,'黑色幽默',283,1,'06. 黑色幽默.flac','/Volumes/MdieaLib/音乐库/06. 黑色幽默.flac','','','','2024-12-16 14:21:54.495531','2024-12-16 14:21:54.495545'),(517,'红模仿',185,1,'06. 红模仿.flac','/Volumes/MdieaLib/音乐库/06. 红模仿.flac','','','','2024-12-16 14:21:54.582753','2024-12-16 14:21:54.582773'),(518,'离开',252,1,'06. 离开.flac','/Volumes/MdieaLib/音乐库/06. 离开.flac','','','','2024-12-16 14:21:54.662963','2024-12-16 14:21:54.662977'),(519,'上海 一九四三',195,1,'06. 上海 一九四三.flac','/Volumes/MdieaLib/音乐库/06. 上海 一九四三.flac','','','','2024-12-16 14:21:54.738098','2024-12-16 14:21:54.738112'),(520,'对不起',225,1,'07. 对不起.flac','/Volumes/MdieaLib/音乐库/07. 对不起.flac','','','','2024-12-16 14:21:54.852001','2024-12-16 14:21:54.852018'),(521,'兰亭序',253,1,'07. 兰亭序.flac','/Volumes/MdieaLib/音乐库/07. 兰亭序.flac','','','','2024-12-16 14:21:54.948306','2024-12-16 14:21:54.948321'),(522,'伊斯坦堡',209,1,'07. 伊斯坦堡.flac','/Volumes/MdieaLib/音乐库/07. 伊斯坦堡.flac','','','','2024-12-16 14:21:55.118661','2024-12-16 14:21:55.118675'),(523,'流浪诗人',169,1,'08. 流浪诗人.flac','/Volumes/MdieaLib/音乐库/08. 流浪诗人.flac','','','','2024-12-16 14:21:55.489102','2024-12-16 14:21:55.489116'),(524,'威廉古堡',236,1,'08. 威廉古堡.flac','/Volumes/MdieaLib/音乐库/08. 威廉古堡.flac','','','','2024-12-16 14:21:55.576642','2024-12-16 14:21:55.576664'),(525,'印第安老斑鸠',304,1,'08. 印第安老斑鸠.flac','/Volumes/MdieaLib/音乐库/08. 印第安老斑鸠.flac','','','','2024-12-16 14:21:55.669593','2024-12-16 14:21:55.669606'),(526,'时光机',311,1,'09. 时光机.flac','/Volumes/MdieaLib/音乐库/09. 时光机.flac','','','','2024-12-16 14:21:56.089709','2024-12-16 14:21:56.089726'),(527,'反方向的种',257,1,'10. 反方向的种.flac','/Volumes/MdieaLib/音乐库/10. 反方向的种.flac','','','','2024-12-16 14:21:56.441595','2024-12-16 14:21:56.441609'),(528,'乔克叔叔',256,1,'10. 乔克叔叔.flac','/Volumes/MdieaLib/音乐库/10. 乔克叔叔.flac','','','','2024-12-16 14:21:56.683720','2024-12-16 14:21:56.683734'),(529,'梦里水乡',298,1,'江珊 - 梦里水乡.flac','/Volumes/MdieaLib/音乐库/江珊 - 梦里水乡.flac','江珊 - 梦里水乡.mp3','/Volumes/MdieaLib/音乐库/江珊 - 梦里水乡.mp3','','2024-12-16 14:21:57.036336','2024-12-16 14:21:57.093584'),(530,'只要有你',252,1,'那英,孙楠 - 只要有你.flac','/Volumes/MdieaLib/音乐库/那英,孙楠 - 只要有你.flac','那英,孙楠 - 只要有你.mp3','/Volumes/MdieaLib/音乐库/那英,孙楠 - 只要有你.mp3','','2024-12-16 14:21:57.157185','2024-12-16 14:21:57.260394'),(531,'一笑江湖',208,1,'闻人听書_ - 一笑江湖.flac','/Volumes/MdieaLib/音乐库/闻人听書_ - 一笑江湖.flac','闻人听書_ - 一笑江湖.mp3','/Volumes/MdieaLib/音乐库/闻人听書_ - 一笑江湖.mp3','','2024-12-16 14:21:57.361941','2024-12-16 14:22:03.291059'),(532,'跨时代',194,1,'01. 跨时代.flac','/Volumes/MdieaLib/音乐库/01. 跨时代.flac','','','','2024-12-16 14:21:57.483857','2024-12-16 14:21:57.483874'),(533,'我的地盘',242,1,'01. 我的地盘.flac','/Volumes/MdieaLib/音乐库/01. 我的地盘.flac','','','','2024-12-16 14:21:57.702705','2024-12-16 14:21:57.702718'),(534,'以父之名',342,1,'01. 以父之名.flac','/Volumes/MdieaLib/音乐库/01. 以父之名.flac','','','','2024-12-16 14:21:57.907081','2024-12-16 14:21:57.907095'),(535,'彩虹',263,1,'02. 彩虹.flac','/Volumes/MdieaLib/音乐库/02. 彩虹.flac','','','','2024-12-16 14:21:58.010790','2024-12-16 14:21:58.010803'),(536,'蓝色风暴',286,1,'02. 蓝色风暴.flac','/Volumes/MdieaLib/音乐库/02. 蓝色风暴.flac','','','','2024-12-16 14:21:58.080171','2024-12-16 14:21:58.080188'),(537,'懦夫',218,1,'02. 懦夫.flac','/Volumes/MdieaLib/音乐库/02. 懦夫.flac','','','','2024-12-16 14:21:58.199170','2024-12-16 14:21:58.199184'),(538,'七里香',297,1,'02. 七里香.flac','/Volumes/MdieaLib/音乐库/02. 七里香.flac','','','','2024-12-16 14:21:58.304542','2024-12-16 14:21:58.304567'),(539,'说了再见',282,1,'02. 说了再见.flac','/Volumes/MdieaLib/音乐库/02. 说了再见.flac','','','','2024-12-16 14:21:58.423527','2024-12-16 14:21:58.423541'),(540,'错口',258,1,'03. 错口.flac','/Volumes/MdieaLib/音乐库/03. 错口.flac','','','','2024-12-16 14:21:58.578829','2024-12-16 14:21:58.578845'),(541,'青花瓷',239,1,'03. 青花瓷.flac','/Volumes/MdieaLib/音乐库/03. 青花瓷.flac','','','','2024-12-16 14:21:58.782876','2024-12-16 14:21:58.782893'),(542,'晴天',269,1,'03. 晴天.flac','/Volumes/MdieaLib/音乐库/03. 晴天.flac','','','','2024-12-16 14:21:58.903800','2024-12-16 14:21:58.903814'),(543,'烟花易冷',263,1,'03. 烟花易冷.flac','/Volumes/MdieaLib/音乐库/03. 烟花易冷.flac','','','','2024-12-16 14:21:59.003014','2024-12-16 14:21:59.003031'),(544,'黑色毛衣',251,1,'04. 黑色毛衣.flac','/Volumes/MdieaLib/音乐库/04. 黑色毛衣.flac','','','','2024-12-16 14:21:59.093543','2024-12-16 14:21:59.093557'),(545,'免费教学录影带',239,1,'04. 免费教学录影带.flac','/Volumes/MdieaLib/音乐库/04. 免费教学录影带.flac','','','','2024-12-16 14:21:59.204780','2024-12-16 14:21:59.204794'),(546,'东风破',315,1,'05. 东风破.flac','/Volumes/MdieaLib/音乐库/05. 东风破.flac','','','','2024-12-16 14:21:59.624658','2024-12-16 14:21:59.624673'),(547,'好久不见',251,1,'05. 好久不见.flac','/Volumes/MdieaLib/音乐库/05. 好久不见.flac','','','','2024-12-16 14:21:59.714143','2024-12-16 14:21:59.714155'),(548,'将军',202,1,'05. 将军.flac','/Volumes/MdieaLib/音乐库/05. 将军.flac','','','','2024-12-16 14:21:59.851296','2024-12-16 14:21:59.851309'),(549,'四面楚歌',247,1,'05. 四面楚歌.flac','/Volumes/MdieaLib/音乐库/05. 四面楚歌.flac','','','','2024-12-16 14:22:00.012676','2024-12-16 14:22:00.012695'),(550,'搁浅',238,1,'06. 搁浅.flac','/Volumes/MdieaLib/音乐库/06. 搁浅.flac','','','','2024-12-16 14:22:00.250913','2024-12-16 14:22:00.250928'),(551,'你听得到',230,1,'06. 你听得到.flac','/Volumes/MdieaLib/音乐库/06. 你听得到.flac','','','','2024-12-16 14:22:00.338186','2024-12-16 14:22:00.338200'),(552,'无双',233,1,'06. 无双.flac','/Volumes/MdieaLib/音乐库/06. 无双.flac','','','','2024-12-16 14:22:00.471966','2024-12-16 14:22:00.471981'),(553,'雨下一整晚',256,1,'06. 雨下一整晚.flac','/Volumes/MdieaLib/音乐库/06. 雨下一整晚.flac','','','','2024-12-16 14:22:00.561768','2024-12-16 14:22:00.561783'),(554,'距离',288,1,'07. 距离.flac','/Volumes/MdieaLib/音乐库/07. 距离.flac','','','','2024-12-16 14:22:00.696276','2024-12-16 14:22:00.696299'),(555,'乱舞春秋',277,1,'07. 乱舞春秋.flac','/Volumes/MdieaLib/音乐库/07. 乱舞春秋.flac','','','','2024-12-16 14:22:00.914529','2024-12-16 14:22:00.914546'),(556,'同一种调调',231,1,'07. 同一种调调.flac','/Volumes/MdieaLib/音乐库/07. 同一种调调.flac','','','','2024-12-16 14:22:01.010324','2024-12-16 14:22:01.010346'),(557,'我落泪，情绪零碎',257,1,'07. 我落泪，情绪零碎.flac','/Volumes/MdieaLib/音乐库/07. 我落泪，情绪零碎.flac','','','','2024-12-16 14:22:01.130598','2024-12-16 14:22:01.130621'),(558,'爱的飞行日记',255,1,'08. 爱的飞行日记.flac','/Volumes/MdieaLib/音乐库/08. 爱的飞行日记.flac','','','','2024-12-16 14:22:01.261926','2024-12-16 14:22:01.261951'),(559,'扯',210,1,'08. 扯.flac','/Volumes/MdieaLib/音乐库/08. 扯.flac','','','','2024-12-16 14:22:01.369356','2024-12-16 14:22:01.369379'),(560,'困兽之斗',267,1,'08. 困兽之斗.flac','/Volumes/MdieaLib/音乐库/08. 困兽之斗.flac','','','','2024-12-16 14:22:01.477897','2024-12-16 14:22:01.477920'),(561,'逆鳞',234,1,'08. 逆鳞.flac','/Volumes/MdieaLib/音乐库/08. 逆鳞.flac','','','','2024-12-16 14:22:01.601912','2024-12-16 14:22:01.601928'),(562,'爱情悬崖',262,1,'09. 爱情悬崖.flac','/Volumes/MdieaLib/音乐库/09. 爱情悬崖.flac','','','','2024-12-16 14:22:01.868827','2024-12-16 14:22:01.868842'),(563,'麦芽糖',260,1,'09. 麦芽糖.flac','/Volumes/MdieaLib/音乐库/09. 麦芽糖.flac','','','','2024-12-16 14:22:02.090275','2024-12-16 14:22:02.090303'),(564,'自导自演',255,1,'09. 自导自演.flac','/Volumes/MdieaLib/音乐库/09. 自导自演.flac','','','','2024-12-16 14:22:02.314484','2024-12-16 14:22:02.314499'),(565,'超人不会飞',300,1,'10. 超人不会飞.flac','/Volumes/MdieaLib/音乐库/10. 超人不会飞.flac','','','','2024-12-16 14:22:02.392344','2024-12-16 14:22:02.392358'),(566,'珊瑚海',256,1,'10. 珊瑚海.flac','/Volumes/MdieaLib/音乐库/10. 珊瑚海.flac','','','','2024-12-16 14:22:02.486204','2024-12-16 14:22:02.486217'),(567,'梯田',213,1,'10. 梯田.flac','/Volumes/MdieaLib/音乐库/10. 梯田.flac','','','','2024-12-16 14:22:02.657916','2024-12-16 14:22:02.657931'),(568,'漂移',244,1,'11. 漂移.flac','/Volumes/MdieaLib/音乐库/11. 漂移.flac','','','','2024-12-16 14:22:03.048412','2024-12-16 14:22:03.048449'),(569,'双刀',291,1,'11. 双刀.flac','/Volumes/MdieaLib/音乐库/11. 双刀.flac','','','','2024-12-16 14:22:03.169126','2024-12-16 14:22:03.169140'),(570,'梦里水乡',232,1,'于春洋 - 梦里水乡.flac','/Volumes/MdieaLib/音乐库/于春洋 - 梦里水乡.flac','','','','2024-12-16 14:22:03.522845','2024-12-16 14:22:03.522858'),(571,'梦里水乡',232,2,'','','于春洋 - 梦里水乡.mp3','/Volumes/MdieaLib/音乐库/于春洋 - 梦里水乡.mp3','','2024-12-16 14:22:03.593933','2024-12-16 14:22:03.593946'),(572,'若月亮没来',173,1,'王宇宙Leto,乔浚丞 - 若月亮没来 (若是月亮还没来).flac','/Volumes/MdieaLib/音乐库/王宇宙Leto,乔浚丞 - 若月亮没来 (若是月亮还没来).flac','王宇宙Leto,乔浚丞 - 若月亮没来 (若是月亮还没来).mp3','/Volumes/MdieaLib/音乐库/王宇宙Leto,乔浚丞 - 若月亮没来 (若是月亮还没来).mp3','','2024-12-16 14:22:03.667711','2024-12-16 14:22:10.497817'),(573,'当真',198,1,'野小马 - 当真（完整版）.flac','/Volumes/MdieaLib/音乐库/野小马 - 当真（完整版）.flac','野小马 - 当真（完整版）.mp3','/Volumes/MdieaLib/音乐库/野小马 - 当真（完整版）.mp3','','2024-12-16 14:22:03.794567','2024-12-16 14:22:10.713680'),(574,'郎的诱惑',221,1,'凤凰传奇 - 郎的诱惑.flac','/Volumes/MdieaLib/音乐库/凤凰传奇 - 郎的诱惑.flac','凤凰传奇 - 郎的诱惑.mp3','/Volumes/MdieaLib/音乐库/凤凰传奇 - 郎的诱惑.mp3','','2024-12-16 14:22:04.108349','2024-12-16 14:22:04.184134'),(575,'奢香夫人',259,1,'凤凰传奇 - 奢香夫人.flac','/Volumes/MdieaLib/音乐库/凤凰传奇 - 奢香夫人.flac','凤凰传奇 - 奢香夫人.mp3','/Volumes/MdieaLib/音乐库/凤凰传奇 - 奢香夫人.mp3','','2024-12-16 14:22:04.266070','2024-12-16 14:22:04.323837'),(576,'我从草原来',220,1,'凤凰传奇 - 我从草原来.flac','/Volumes/MdieaLib/音乐库/凤凰传奇 - 我从草原来.flac','凤凰传奇 - 我从草原来.mp3','/Volumes/MdieaLib/音乐库/凤凰传奇 - 我从草原来.mp3','','2024-12-16 14:22:04.439567','2024-12-16 14:22:04.547720'),(577,'情话微甜',208,1,'李朝,王圣锋 - 情话微甜.flac','/Volumes/MdieaLib/音乐库/李朝,王圣锋 - 情话微甜.flac','李朝,王圣锋 - 情话微甜.mp3','/Volumes/MdieaLib/音乐库/李朝,王圣锋 - 情话微甜.mp3','','2024-12-16 14:22:04.646600','2024-12-16 14:22:04.773925'),(578,'NEW BOY',224,1,'朴树 - NEW BOY.flac','/Volumes/MdieaLib/音乐库/朴树 - NEW BOY.flac','朴树 - NEW BOY.mp3','/Volumes/MdieaLib/音乐库/朴树 - NEW BOY.mp3','','2024-12-16 14:22:04.863478','2024-12-16 14:22:04.935365'),(579,'从前说',251,1,'小阿七 - 从前说.flac','/Volumes/MdieaLib/音乐库/小阿七 - 从前说.flac','小阿七 - 从前说.mp3','/Volumes/MdieaLib/音乐库/小阿七 - 从前说.mp3','','2024-12-16 14:22:04.991078','2024-12-16 14:22:05.070781'),(580,'花好月圆夜',148,1,'杨千嬅,任贤齐 - 花好月圆夜 (国语版).flac','/Volumes/MdieaLib/音乐库/杨千嬅,任贤齐 - 花好月圆夜 (国语版).flac','','','','2024-12-16 14:22:05.151934','2024-12-16 14:22:05.151946'),(581,'花好月圆夜',148,2,'','','杨千嬅,任贤齐 - 花好月圆夜 (国语版).mp3','/Volumes/MdieaLib/音乐库/杨千嬅,任贤齐 - 花好月圆夜 (国语版).mp3','','2024-12-16 14:22:05.257029','2024-12-16 14:22:05.257050'),(582,'开往早晨的午夜',287,1,'张碧晨 - 开往早晨的午夜.flac','/Volumes/MdieaLib/音乐库/张碧晨 - 开往早晨的午夜.flac','张碧晨 - 开往早晨的午夜.mp3','/Volumes/MdieaLib/音乐库/张碧晨 - 开往早晨的午夜.mp3','','2024-12-16 14:22:05.325190','2024-12-16 14:22:05.411226'),(583,'长大成人',215,2,'小阿七 - 长大成人.flac','/Volumes/MdieaLib/音乐库/小阿七 - 长大成人.flac','小阿七 - 长大成人.mp3','/Volumes/MdieaLib/音乐库/小阿七 - 长大成人.mp3','','2024-12-16 14:22:05.534581','2024-12-16 14:22:05.631905'),(584,'不在',256,2,'韩安旭 - 不在.flac','/Volumes/MdieaLib/音乐库/韩安旭 - 不在.flac','韩安旭 - 不在.mp3','/Volumes/MdieaLib/音乐库/韩安旭 - 不在.mp3','','2024-12-16 14:22:05.761756','2024-12-16 14:22:05.866578'),(585,'不是因为寂寞才想你',260,1,'T.R.Y - 不是因为寂寞才想你.flac','/Volumes/MdieaLib/音乐库/T.R.Y - 不是因为寂寞才想你.flac','T.R.Y - 不是因为寂寞才想你.mp3','/Volumes/MdieaLib/音乐库/T.R.Y - 不是因为寂寞才想你.mp3','','2024-12-16 14:22:05.930532','2024-12-16 14:22:06.172352'),(586,'把回忆拼好给你',181,2,'苏星婕 - 把回忆拼好给你.flac','/Volumes/MdieaLib/音乐库/苏星婕 - 把回忆拼好给你.flac','苏星婕 - 把回忆拼好给你.mp3','/Volumes/MdieaLib/音乐库/苏星婕 - 把回忆拼好给你.mp3','','2024-12-16 14:22:06.452844','2024-12-16 14:22:06.518507'),(587,'樱花树下的约定',189,2,'柯柯柯啊 - 樱花树下的约定.flac','/Volumes/MdieaLib/音乐库/柯柯柯啊 - 樱花树下的约定.flac','柯柯柯啊 - 樱花树下的约定.mp3','/Volumes/MdieaLib/音乐库/柯柯柯啊 - 樱花树下的约定.mp3','','2024-12-16 14:22:06.579587','2024-12-16 14:22:06.655749'),(588,'下完这场雨',271,1,'后弦 - 下完这场雨.flac','/Volumes/MdieaLib/音乐库/后弦 - 下完这场雨.flac','后弦 - 下完这场雨.mp3','/Volumes/MdieaLib/音乐库/后弦 - 下完这场雨.mp3','','2024-12-16 14:22:06.780613','2024-12-16 14:22:06.868045'),(589,'直到遇见了你我只喜欢你',275,1,'陈柯宇 - 直到遇见了你，我只喜欢你.flac','/Volumes/MdieaLib/音乐库/陈柯宇 - 直到遇见了你，我只喜欢你.flac','陈柯宇 - 直到遇见了你，我只喜欢你.mp3','/Volumes/MdieaLib/音乐库/陈柯宇 - 直到遇见了你，我只喜欢你.mp3','','2024-12-16 14:22:06.909767','2024-12-16 14:22:06.978549'),(590,'人间只来这一遭',172,1,'红小乐 - 人间只来这一遭.正式版.flac','/Volumes/MdieaLib/音乐库/红小乐 - 人间只来这一遭.正式版.flac','红小乐 - 人间只来这一遭.正式版.mp3','/Volumes/MdieaLib/音乐库/红小乐 - 人间只来这一遭.正式版.mp3','','2024-12-16 14:22:07.038188','2024-12-16 14:22:07.168594'),(591,'可能',217,2,'程响 - 可能.flac','/Volumes/MdieaLib/音乐库/程响 - 可能.flac','程响 - 可能.mp3','/Volumes/MdieaLib/音乐库/程响 - 可能.mp3','','2024-12-16 14:22:07.237351','2024-12-16 14:22:07.284900'),(592,'寂寞才说爱（DJ版）-DJ王展鹏',177,2,'','','王展鹏 - 寂寞才说爱 (DJ版).mp3','/Volumes/MdieaLib/音乐库/王展鹏 - 寂寞才说爱 (DJ版).mp3','','2024-12-16 14:22:07.335297','2024-12-16 14:22:07.335310'),(593,'我想',187,2,'麦小兜 - 我想.flac','/Volumes/MdieaLib/音乐库/麦小兜 - 我想.flac','麦小兜 - 我想.mp3','/Volumes/MdieaLib/音乐库/麦小兜 - 我想.mp3','','2024-12-16 14:22:07.509299','2024-12-16 14:22:07.668017'),(594,'寂寞才说爱 (DJ版)',180,2,'刘可 - 寂寞才说爱 (DJ版).flac','/Volumes/MdieaLib/音乐库/刘可 - 寂寞才说爱 (DJ版).flac','刘可 - 寂寞才说爱 (DJ版).mp3','/Volumes/MdieaLib/音乐库/刘可 - 寂寞才说爱 (DJ版).mp3','','2024-12-16 14:22:07.780038','2024-12-16 14:22:07.907319'),(595,'寂寞才说爱 (DJ版)',288,1,'李俊男 - 寂寞才说爱 (DJ版).flac','/Volumes/MdieaLib/音乐库/李俊男 - 寂寞才说爱 (DJ版).flac','','','','2024-12-16 14:22:07.977842','2024-12-16 14:22:07.977857'),(596,'今年勇',204,2,'许嵩 - 今年勇.flac','/Volumes/MdieaLib/音乐库/许嵩 - 今年勇.flac','许嵩 - 今年勇.mp3','/Volumes/MdieaLib/音乐库/许嵩 - 今年勇.mp3','','2024-12-16 14:22:08.087572','2024-12-16 14:22:08.171933'),(597,'千千阙歌',299,2,'陈慧娴 - 千千阙歌.flac','/Volumes/MdieaLib/音乐库/陈慧娴 - 千千阙歌.flac','陈慧娴 - 千千阙歌.mp3','/Volumes/MdieaLib/音乐库/陈慧娴 - 千千阙歌.mp3','','2024-12-16 14:22:08.250634','2024-12-16 14:22:08.338417'),(598,'金玉良缘',206,1,'付雪 - 金玉良缘 (完整版).flac','/Volumes/MdieaLib/音乐库/付雪 - 金玉良缘 (完整版).flac','付雪 - 金玉良缘 (完整版).mp3','/Volumes/MdieaLib/音乐库/付雪 - 金玉良缘 (完整版).mp3','','2024-12-16 14:22:08.553667','2024-12-16 14:22:08.690890'),(599,'不必在乎我是谁',255,1,'李宗盛 - 不必在乎我是谁 (Live).flac','/Volumes/MdieaLib/音乐库/李宗盛 - 不必在乎我是谁 (Live).flac','李宗盛 - 不必在乎我是谁 (Live).mp3','/Volumes/MdieaLib/音乐库/李宗盛 - 不必在乎我是谁 (Live).mp3','','2024-12-16 14:22:08.874844','2024-12-16 14:22:08.929660'),(600,'青衣',228,1,'马天宇 - 青衣.flac','/Volumes/MdieaLib/音乐库/马天宇 - 青衣.flac','马天宇 - 青衣.mp3','/Volumes/MdieaLib/音乐库/马天宇 - 青衣.mp3','','2024-12-16 14:22:08.997045','2024-12-16 14:22:09.092690'),(601,'最浪漫的事',318,1,'赵咏华,好妹妹 - 最浪漫的事.flac','/Volumes/MdieaLib/音乐库/赵咏华,好妹妹 - 最浪漫的事.flac','赵咏华,好妹妹 - 最浪漫的事.mp3','/Volumes/MdieaLib/音乐库/赵咏华,好妹妹 - 最浪漫的事.mp3','','2024-12-16 14:22:09.182676','2024-12-16 14:22:09.232633'),(602,'同床知己',177,1,'任夏-同床知己.flac','/Volumes/MdieaLib/音乐库/任夏-同床知己.flac','','','','2024-12-16 14:22:09.336293','2024-12-16 14:22:09.336310'),(603,'春三月',224,1,'司南 - 春三月.flac','/Volumes/MdieaLib/音乐库/司南 - 春三月.flac','司南 - 春三月.mp3','/Volumes/MdieaLib/音乐库/司南 - 春三月.mp3','','2024-12-16 14:22:09.496337','2024-12-16 14:22:09.548648'),(604,'羡慕风羡慕雨',199,1,'羡慕风羡慕雨.flac','/Volumes/MdieaLib/音乐库/羡慕风羡慕雨.flac','羡慕风羡慕雨.mp3','/Volumes/MdieaLib/音乐库/羡慕风羡慕雨.mp3','','2024-12-16 14:22:09.667563','2024-12-16 14:22:09.762433'),(605,'可乐',235,1,'陈小虎 - 可乐.flac','/Volumes/MdieaLib/音乐库/陈小虎 - 可乐.flac','陈小虎 - 可乐.mp3','/Volumes/MdieaLib/音乐库/陈小虎 - 可乐.mp3','','2024-12-16 14:22:09.829287','2024-12-16 14:22:09.917985'),(606,'如愿',265,1,'王菲 - 如愿.flac','/Volumes/MdieaLib/音乐库/王菲 - 如愿.flac','王菲 - 如愿.mp3','/Volumes/MdieaLib/音乐库/王菲 - 如愿.mp3','','2024-12-16 14:22:10.023505','2024-12-16 14:22:10.123243'),(607,'最亲的人',218,1,'岳云鹏 - 最亲的人.flac','/Volumes/MdieaLib/音乐库/岳云鹏 - 最亲的人.flac','岳云鹏 - 最亲的人.mp3','/Volumes/MdieaLib/音乐库/岳云鹏 - 最亲的人.mp3','','2024-12-16 14:22:10.170546','2024-12-16 14:22:10.251943'),(608,'和光同尘',248,1,'周深 - 和光同尘 .flac','/Volumes/MdieaLib/音乐库/周深 - 和光同尘 .flac','周深 - 和光同尘 .mp3','/Volumes/MdieaLib/音乐库/周深 - 和光同尘 .mp3','','2024-12-16 14:22:10.333913','2024-12-16 14:22:10.421964'),(609,'星光就在前方',238,2,'','','抠抠+-+星光就在前方.mp3','/Volumes/MdieaLib/音乐库/抠抠+-+星光就在前方.mp3','','2024-12-16 14:22:10.849558','2024-12-16 14:22:10.849572'),(610,'半生遗憾',221,1,'李俊佑 - 半生遗憾.flac','/Volumes/MdieaLib/音乐库/李俊佑 - 半生遗憾.flac','李俊佑 - 半生遗憾.mp3','/Volumes/MdieaLib/音乐库/李俊佑 - 半生遗憾.mp3','','2024-12-16 14:22:10.993501','2024-12-16 14:22:11.113958'),(611,'一个人的世界',212,1,'流浪兄弟 - 一个人的世界.flac','/Volumes/MdieaLib/音乐库/流浪兄弟 - 一个人的世界.flac','流浪兄弟 - 一个人的世界.mp3','/Volumes/MdieaLib/音乐库/流浪兄弟 - 一个人的世界.mp3','','2024-12-16 14:22:11.225169','2024-12-16 14:22:11.339423'),(612,'黄梅戏',228,1,'慕容晓晓 - 黄梅戏.flac','/Volumes/MdieaLib/音乐库/慕容晓晓 - 黄梅戏.flac','慕容晓晓 - 黄梅戏.mp3','/Volumes/MdieaLib/音乐库/慕容晓晓 - 黄梅戏.mp3','','2024-12-16 14:22:11.452135','2024-12-16 14:22:11.551886'),(613,'燕回巷',228,1,'兔裹煎蛋卷 - 燕回巷 (DJ阳少版).flac','/Volumes/MdieaLib/音乐库/兔裹煎蛋卷 - 燕回巷 (DJ阳少版).flac','兔裹煎蛋卷 - 燕回巷 (DJ阳少版).mp3','/Volumes/MdieaLib/音乐库/兔裹煎蛋卷 - 燕回巷 (DJ阳少版).mp3','','2024-12-16 14:22:11.669403','2024-12-16 14:22:11.793408'),(614,'该不该难过',194,1,'王小帅 - 该不该难过.flac','/Volumes/MdieaLib/音乐库/王小帅 - 该不该难过.flac','王小帅 - 该不该难过.mp3','/Volumes/MdieaLib/音乐库/王小帅 - 该不该难过.mp3','','2024-12-16 14:22:11.893780','2024-12-16 14:22:12.020848'),(615,'你爱我坏',215,1,'小鬼阿秋 - 你爱我坏 (DJ沈念版).flac','/Volumes/MdieaLib/音乐库/小鬼阿秋 - 你爱我坏 (DJ沈念版).flac','小鬼阿秋 - 你爱我坏 (DJ沈念版).mp3','/Volumes/MdieaLib/音乐库/小鬼阿秋 - 你爱我坏 (DJ沈念版).mp3','','2024-12-16 14:22:12.298904','2024-12-16 14:22:12.416457'),(616,'不甘',215,1,'小乐哥（王唯乐） - 不甘.flac','/Volumes/MdieaLib/音乐库/小乐哥（王唯乐） - 不甘.flac','小乐哥（王唯乐） - 不甘.mp3','/Volumes/MdieaLib/音乐库/小乐哥（王唯乐） - 不甘.mp3','','2024-12-16 14:22:12.536215','2024-12-16 14:22:12.658198'),(617,'晚风告白',235,1,'星野 - 晚风告白.flac','/Volumes/MdieaLib/音乐库/星野 - 晚风告白.flac','星野 - 晚风告白.mp3','/Volumes/MdieaLib/音乐库/星野 - 晚风告白.mp3','','2024-12-16 14:22:12.756148','2024-12-16 14:22:12.918369'),(618,'星光就在前方',238,1,'野哥-星光就在前方.flac','/Volumes/MdieaLib/音乐库/野哥-星光就在前方.flac','','','','2024-12-16 14:22:13.028534','2024-12-16 14:22:13.028546'),(619,'星光就在前方',238,2,'','','野哥-星光就在前方.mp3','/Volumes/MdieaLib/音乐库/野哥-星光就在前方.mp3','','2024-12-16 14:22:13.116639','2024-12-16 14:22:13.116651'),(620,'星月原野',236,1,'一颗狼星 - 星月原野.flac','/Volumes/MdieaLib/音乐库/一颗狼星 - 星月原野.flac','一颗狼星 - 星月原野.mp3','/Volumes/MdieaLib/音乐库/一颗狼星 - 星月原野.mp3','','2024-12-16 14:22:13.190551','2024-12-16 14:22:13.324656'),(621,'广寒谣',185,1,'伊格赛听,不靠谱组合 - 广寒谣.flac','/Volumes/MdieaLib/音乐库/伊格赛听,不靠谱组合 - 广寒谣.flac','伊格赛听,不靠谱组合 - 广寒谣.mp3','/Volumes/MdieaLib/音乐库/伊格赛听,不靠谱组合 - 广寒谣.mp3','','2024-12-16 14:22:13.512898','2024-12-16 14:22:13.683989'),(622,'南风知我意',195,1,'余又 - 南风知我意.flac','/Volumes/MdieaLib/音乐库/余又 - 南风知我意.flac','余又 - 南风知我意.mp3','/Volumes/MdieaLib/音乐库/余又 - 南风知我意.mp3','','2024-12-16 14:22:13.787191','2024-12-16 14:22:13.939309'),(623,'你爱我像谁',209,1,'袁小葳 - 你爱我像谁 (烟嗓女声版).flac','/Volumes/MdieaLib/音乐库/袁小葳 - 你爱我像谁 (烟嗓女声版).flac','袁小葳 - 你爱我像谁 (烟嗓女声版).mp3','/Volumes/MdieaLib/音乐库/袁小葳 - 你爱我像谁 (烟嗓女声版).mp3','','2024-12-16 14:22:14.045300','2024-12-16 14:22:14.204771'),(624,'当你匆匆走完这一生',244,1,'张茜 - 匆匆走完这一生.flac','/Volumes/MdieaLib/音乐库/张茜 - 匆匆走完这一生.flac','张茜 - 匆匆走完这一生.mp3','/Volumes/MdieaLib/音乐库/张茜 - 匆匆走完这一生.mp3','','2024-12-16 14:22:14.300158','2024-12-16 14:22:14.414826'),(625,'世面',171,1,'周林 - 世面.flac','/Volumes/MdieaLib/音乐库/周林 - 世面.flac','周林 - 世面.mp3','/Volumes/MdieaLib/音乐库/周林 - 世面.mp3','','2024-12-16 14:22:14.530911','2024-12-16 14:22:14.660589'),(626,'列车开往春天',211,2,'','','就是南方凯+-+列车开往春天+(DJ沈乐Remix).mp3','/Volumes/MdieaLib/音乐库/就是南方凯+-+列车开往春天+(DJ沈乐Remix).mp3','','2024-12-16 14:22:14.815715','2024-12-16 14:22:14.815737'),(627,'III (Find Yourself)',370,2,'','','【海边】Athletics - III (Find Yourself).mp3','/Volumes/MdieaLib/音乐库/【海边】Athletics - III (Find Yourself).mp3','','2024-12-16 14:22:14.924729','2024-12-16 14:22:14.924743'),(628,'蒙古人',251,1,'朝克吉勒图+-+蒙古人.flac','/Volumes/MdieaLib/音乐库/朝克吉勒图+-+蒙古人.flac','朝克吉勒图+-+蒙古人.mp3','/Volumes/MdieaLib/音乐库/朝克吉勒图+-+蒙古人.mp3','','2024-12-16 14:22:16.402335','2024-12-16 14:22:16.704533'),(629,'感官先生 (cover: 刘凤瑶)',211,1,'陈其楠 - 感官先生.flac','/Volumes/MdieaLib/音乐库/陈其楠 - 感官先生.flac','陈其楠 - 感官先生.mp3','/Volumes/MdieaLib/音乐库/陈其楠 - 感官先生.mp3','','2024-12-16 14:22:16.885422','2024-12-16 14:22:17.011046'),(630,'Summer',153,2,'','','久石譲+-+Summer.mp3','/Volumes/MdieaLib/音乐库/久石譲+-+Summer.mp3','','2024-12-16 14:22:17.106673','2024-12-16 14:22:17.106696'),(631,'Apollo\'s Triumph (Paul Dinletir Remix)',273,1,'Audiomachine - Apollo_s Triumph (Paul Dinletir Remix).flac','/Volumes/MdieaLib/音乐库/Audiomachine - Apollo_s Triumph (Paul Dinletir Remix).flac','Audiomachine - Apollo_s Triumph (Paul Dinletir Remix).mp3','/Volumes/MdieaLib/音乐库/Audiomachine - Apollo_s Triumph (Paul Dinletir Remix).mp3','','2024-12-16 14:22:17.151496','2024-12-16 14:22:17.242764'),(632,'Track in Time',282,2,'','','Dennis Kuo - Track in Time.mp3','/Volumes/MdieaLib/音乐库/Dennis Kuo - Track in Time.mp3','','2024-12-16 14:22:17.309001','2024-12-16 14:22:17.309013'),(633,'Arabian Adventure',148,2,'','','Eugene Star - Arabian Adventure (Eugene Star Remix).mp3','/Volumes/MdieaLib/音乐库/Eugene Star - Arabian Adventure (Eugene Star Remix).mp3','','2024-12-16 14:22:17.402738','2024-12-16 14:22:17.402755'),(634,'A Thousand Miles',237,1,'Josh Vietti - A Thousand Miles.flac','/Volumes/MdieaLib/音乐库/Josh Vietti - A Thousand Miles.flac','Josh Vietti - A Thousand Miles.mp3','/Volumes/MdieaLib/音乐库/Josh Vietti - A Thousand Miles.mp3','','2024-12-16 14:22:17.451569','2024-12-16 14:22:17.513756'),(635,'Transcendence',224,1,'Lindsey Stirling - Transcendence.flac','/Volumes/MdieaLib/音乐库/Lindsey Stirling - Transcendence.flac','Lindsey Stirling - Transcendence.mp3','/Volumes/MdieaLib/音乐库/Lindsey Stirling - Transcendence.mp3','','2024-12-16 14:22:17.646319','2024-12-16 14:22:17.779708'),(636,'Into The Sun',165,1,'Liquid Cinema - Into The Sun.flac','/Volumes/MdieaLib/音乐库/Liquid Cinema - Into The Sun.flac','Liquid Cinema - Into The Sun.mp3','/Volumes/MdieaLib/音乐库/Liquid Cinema - Into The Sun.mp3','','2024-12-16 14:22:17.921540','2024-12-16 14:22:18.005762'),(637,'A Little Story',206,2,'','','Valentin - A Little Story.mp3','/Volumes/MdieaLib/音乐库/Valentin - A Little Story.mp3','','2024-12-16 14:22:18.079085','2024-12-16 14:22:18.079108'),(638,'Can You Feel My World',294,1,'王力宏 - Can You Feel My World.flac','/Volumes/MdieaLib/音乐库/王力宏 - Can You Feel My World.flac','王力宏 - Can You Feel My World.mp3','/Volumes/MdieaLib/音乐库/王力宏 - Can You Feel My World.mp3','','2024-12-16 14:22:18.159765','2024-12-16 14:22:18.254630'),(639,'A Sad Me In Your Eyes',258,1,'昨夜派对（L.N Party） - A S a d M e In Your Eyes.flac','/Volumes/MdieaLib/音乐库/昨夜派对（L.N Party） - A S a d M e In Your Eyes.flac','昨夜派对（L.N Party） - A S a d M e In Your Eyes.mp3','/Volumes/MdieaLib/音乐库/昨夜派对（L.N Party） - A S a d M e In Your Eyes.mp3','','2024-12-16 14:22:18.332535','2024-12-16 14:22:18.397540'),(640,'拜访',270,1,'陈奕迅 - 拜访.FLAC','/Volumes/MdieaLib/音乐库/陈奕迅 - 拜访.FLAC','','','','2024-12-16 14:22:18.484633','2024-12-16 14:22:18.484648'),(641,'贝多芬与我',201,1,'陈奕迅 - 贝多芬与我.FLAC','/Volumes/MdieaLib/音乐库/陈奕迅 - 贝多芬与我.FLAC','','','','2024-12-16 14:22:18.563310','2024-12-16 14:22:18.563323'),(642,'第五个现代化',204,1,'陈奕迅 - 第五个现代化.FLAC','/Volumes/MdieaLib/音乐库/陈奕迅 - 第五个现代化.FLAC','','','','2024-12-16 14:22:18.852694','2024-12-16 14:22:18.852711'),(643,'孤勇者',256,1,'陈奕迅 - 孤勇者_hires.flac','/Volumes/MdieaLib/音乐库/陈奕迅 - 孤勇者_hires.flac','','','','2024-12-16 14:22:18.986238','2024-12-16 14:22:18.986251'),(644,'眼眉调',308,1,'陈奕迅 - 眼眉调.FLAC','/Volumes/MdieaLib/音乐库/陈奕迅 - 眼眉调.FLAC','','','','2024-12-16 14:22:19.340239','2024-12-16 14:22:19.340255'),(645,'永远都天明',252,1,'陈奕迅 - 永远都天明.FLAC','/Volumes/MdieaLib/音乐库/陈奕迅 - 永远都天明.FLAC','','','','2024-12-16 14:22:19.426045','2024-12-16 14:22:19.426061'),(646,'最后派对',311,1,'陈奕迅 - 最后派对.flac','/Volumes/MdieaLib/音乐库/陈奕迅 - 最后派对.flac','','','','2024-12-16 14:22:19.522110','2024-12-16 14:22:19.522124'),(647,'昨日',263,1,'陈奕迅 - 昨日.FLAC','/Volumes/MdieaLib/音乐库/陈奕迅 - 昨日.FLAC','','','','2024-12-16 14:22:19.618125','2024-12-16 14:22:19.618146'),(648,'7',241,1,'陈奕迅-7.flac','/Volumes/MdieaLib/音乐库/陈奕迅-7.flac','','','','2024-12-16 14:22:19.719751','2024-12-16 14:22:19.719765'),(649,'16月6日 晴',226,1,'陈奕迅-16月6日 晴.flac','/Volumes/MdieaLib/音乐库/陈奕迅-16月6日 晴.flac','','','','2024-12-16 14:22:19.774761','2024-12-16 14:22:19.774775'),(650,'24',255,1,'陈奕迅-24.flac','/Volumes/MdieaLib/音乐库/陈奕迅-24.flac','','','','2024-12-16 14:22:19.843272','2024-12-16 14:22:19.843287'),(651,'1874',230,1,'陈奕迅-1874.flac','/Volumes/MdieaLib/音乐库/陈奕迅-1874.flac','','','','2024-12-16 14:22:19.898102','2024-12-16 14:22:19.898119'),(652,'2001太空漫游',239,1,'陈奕迅-2001太空漫游.flac','/Volumes/MdieaLib/音乐库/陈奕迅-2001太空漫游.flac','','','','2024-12-16 14:22:19.967003','2024-12-16 14:22:19.967019'),(653,'2006岁月情歌',775,1,'陈奕迅-2006岁月情歌.flac','/Volumes/MdieaLib/音乐库/陈奕迅-2006岁月情歌.flac','','','','2024-12-16 14:22:20.009633','2024-12-16 14:22:20.009648'),(654,'阿怪',314,1,'陈奕迅-阿怪.flac','/Volumes/MdieaLib/音乐库/陈奕迅-阿怪.flac','','','','2024-12-16 14:22:20.072994','2024-12-16 14:22:20.073008'),(655,'阿猫阿狗',229,1,'陈奕迅-阿猫阿狗.flac','/Volumes/MdieaLib/音乐库/陈奕迅-阿猫阿狗.flac','','','','2024-12-16 14:22:20.208570','2024-12-16 14:22:20.208583'),(656,'阿牛',201,1,'陈奕迅-阿牛.flac','/Volumes/MdieaLib/音乐库/陈奕迅-阿牛.flac','','','','2024-12-16 14:22:20.257012','2024-12-16 14:22:20.257024'),(657,'阿士匹灵',244,1,'陈奕迅-阿士匹灵.flac','/Volumes/MdieaLib/音乐库/陈奕迅-阿士匹灵.flac','','','','2024-12-16 14:22:20.308607','2024-12-16 14:22:20.308621'),(658,'哎呀咿呀',252,1,'陈奕迅-哎呀咿呀.flac','/Volumes/MdieaLib/音乐库/陈奕迅-哎呀咿呀.flac','','','','2024-12-16 14:22:20.358059','2024-12-16 14:22:20.358073'),(659,'爱没有左右',235,2,'','','陈奕迅-爱没有左右.mp3','/Volumes/MdieaLib/音乐库/陈奕迅-爱没有左右.mp3','','2024-12-16 14:22:20.408509','2024-12-16 14:22:20.408526'),(660,'爱你入骨',245,1,'陈奕迅-爱你入骨.flac','/Volumes/MdieaLib/音乐库/陈奕迅-爱你入骨.flac','','','','2024-12-16 14:22:20.458950','2024-12-16 14:22:20.458964'),(661,'爱上你是我眼睛的错',247,1,'陈奕迅-爱上你是我眼睛的错.flac','/Volumes/MdieaLib/音乐库/陈奕迅-爱上你是我眼睛的错.flac','','','','2024-12-16 14:22:20.531369','2024-12-16 14:22:20.531383'),(662,'爱是怀疑',273,1,'陈奕迅-爱是怀疑.flac','/Volumes/MdieaLib/音乐库/陈奕迅-爱是怀疑.flac','','','','2024-12-16 14:22:20.582679','2024-12-16 14:22:20.582692'),(663,'爱是一本书',264,1,'陈奕迅-爱是一本书.flac','/Volumes/MdieaLib/音乐库/陈奕迅-爱是一本书.flac','','','','2024-12-16 14:22:20.635376','2024-12-16 14:22:20.635388'),(664,'安守本份',301,1,'陈奕迅-安守本份.flac','/Volumes/MdieaLib/音乐库/陈奕迅-安守本份.flac','','','','2024-12-16 14:22:20.669465','2024-12-16 14:22:20.669479'),(665,'八里公路',290,1,'陈奕迅-八里公路.flac','/Volumes/MdieaLib/音乐库/陈奕迅-八里公路.flac','','','','2024-12-16 14:22:20.720670','2024-12-16 14:22:20.720683'),(666,'拔河',282,1,'陈奕迅-拔河.flac','/Volumes/MdieaLib/音乐库/陈奕迅-拔河.flac','','','','2024-12-16 14:22:20.764808','2024-12-16 14:22:20.764820'),(667,'伴游',237,2,'','','陈奕迅-伴游.mp3','/Volumes/MdieaLib/音乐库/陈奕迅-伴游.mp3','','2024-12-16 14:22:20.931887','2024-12-16 14:22:20.931901'),(668,'抱拥这分钟',297,1,'陈奕迅-抱拥这分钟.flac','/Volumes/MdieaLib/音乐库/陈奕迅-抱拥这分钟.flac','','','','2024-12-16 14:22:20.991112','2024-12-16 14:22:20.991126'),(669,'暴风雨',228,2,'','','陈奕迅-暴风雨.mp3','/Volumes/MdieaLib/音乐库/陈奕迅-暴风雨.mp3','','2024-12-16 14:22:21.036997','2024-12-16 14:22:21.037018'),(670,'暴殄天物',212,1,'陈奕迅-暴殄天物.flac','/Volumes/MdieaLib/音乐库/陈奕迅-暴殄天物.flac','','','','2024-12-16 14:22:21.080111','2024-12-16 14:22:21.080131'),(671,'变色龙',226,1,'陈奕迅-变色龙.flac','/Volumes/MdieaLib/音乐库/陈奕迅-变色龙.flac','','','','2024-12-16 14:22:21.208358','2024-12-16 14:22:21.208379'),(672,'不来也不去',269,1,'陈奕迅-不来也不去.flac','/Volumes/MdieaLib/音乐库/陈奕迅-不来也不去.flac','','','','2024-12-16 14:22:21.258634','2024-12-16 14:22:21.258648'),(673,'不良嗜好',216,1,'陈奕迅-不良嗜好.flac','/Volumes/MdieaLib/音乐库/陈奕迅-不良嗜好.flac','','','','2024-12-16 14:22:21.355473','2024-12-16 14:22:21.355488'),(674,'不能再等待',208,1,'陈奕迅-不能再等待.flac','/Volumes/MdieaLib/音乐库/陈奕迅-不能再等待.flac','','','','2024-12-16 14:22:21.398005','2024-12-16 14:22:21.398019'),(675,'不求人',215,1,'陈奕迅-不求人.flac','/Volumes/MdieaLib/音乐库/陈奕迅-不求人.flac','','','','2024-12-16 14:22:21.443654','2024-12-16 14:22:21.443668'),(676,'不然你要我怎么样',290,1,'陈奕迅-不然你要我怎么样.flac','/Volumes/MdieaLib/音乐库/陈奕迅-不然你要我怎么样.flac','','','','2024-12-16 14:22:21.560714','2024-12-16 14:22:21.560729'),(677,'不如承诺来的简单',313,1,'陈奕迅-不如承诺来的简单.flac','/Volumes/MdieaLib/音乐库/陈奕迅-不如承诺来的简单.flac','','','','2024-12-16 14:22:21.684453','2024-12-16 14:22:21.684468'),(678,'不如这样',282,1,'陈奕迅-不如这样.flac','/Volumes/MdieaLib/音乐库/陈奕迅-不如这样.flac','','','','2024-12-16 14:22:21.735042','2024-12-16 14:22:21.735056'),(679,'不睡',274,1,'陈奕迅-不睡.flac','/Volumes/MdieaLib/音乐库/陈奕迅-不睡.flac','','','','2024-12-16 14:22:21.835026','2024-12-16 14:22:21.835040'),(680,'不知所谓',201,1,'陈奕迅-不知所谓.flac','/Volumes/MdieaLib/音乐库/陈奕迅-不知所谓.flac','','','','2024-12-16 14:22:21.980529','2024-12-16 14:22:21.980545'),(681,'猜情寻',244,1,'陈奕迅-猜情寻.flac','/Volumes/MdieaLib/音乐库/陈奕迅-猜情寻.flac','','','','2024-12-16 14:22:22.026177','2024-12-16 14:22:22.026193'),(682,'超错',303,1,'陈奕迅-超错.flac','/Volumes/MdieaLib/音乐库/陈奕迅-超错.flac','','','','2024-12-16 14:22:22.071149','2024-12-16 14:22:22.071164'),(683,'冲口而出',214,1,'陈奕迅-冲口而出.flac','/Volumes/MdieaLib/音乐库/陈奕迅-冲口而出.flac','','','','2024-12-16 14:22:22.173610','2024-12-16 14:22:22.173623'),(684,'臭美',314,1,'陈奕迅-臭美.flac','/Volumes/MdieaLib/音乐库/陈奕迅-臭美.flac','','','','2024-12-16 14:22:22.259747','2024-12-16 14:22:22.259763'),(685,'床上的黑洞',187,1,'陈奕迅-床上的黑洞.flac','/Volumes/MdieaLib/音乐库/陈奕迅-床上的黑洞.flac','','','','2024-12-16 14:22:22.302384','2024-12-16 14:22:22.302398'),(686,'床头床尾',244,1,'陈奕迅-床头床尾.flac','/Volumes/MdieaLib/音乐库/陈奕迅-床头床尾.flac','','','','2024-12-16 14:22:22.342018','2024-12-16 14:22:22.342034'),(687,'床头灯',287,1,'陈奕迅-床头灯.flac','/Volumes/MdieaLib/音乐库/陈奕迅-床头灯.flac','','','','2024-12-16 14:22:22.374035','2024-12-16 14:22:22.374048'),(688,'吹微风',223,1,'陈奕迅-吹微风.flac','/Volumes/MdieaLib/音乐库/陈奕迅-吹微风.flac','','','','2024-12-16 14:22:22.409699','2024-12-16 14:22:22.409716'),(689,'春光乍泄',197,1,'陈奕迅-春光乍泄.flac','/Volumes/MdieaLib/音乐库/陈奕迅-春光乍泄.flac','','','','2024-12-16 14:22:22.534028','2024-12-16 14:22:22.534042'),(690,'从何说起',260,1,'陈奕迅-从何说起.flac','/Volumes/MdieaLib/音乐库/陈奕迅-从何说起.flac','','','','2024-12-16 14:22:22.602830','2024-12-16 14:22:22.602844'),(691,'从未痴心',250,1,'陈奕迅-从未痴心.flac','/Volumes/MdieaLib/音乐库/陈奕迅-从未痴心.flac','','','','2024-12-16 14:22:22.644916','2024-12-16 14:22:22.644929'),(692,'打得火热',194,1,'陈奕迅-打得火热.flac','/Volumes/MdieaLib/音乐库/陈奕迅-打得火热.flac','','','','2024-12-16 14:22:22.700885','2024-12-16 14:22:22.700900'),(693,'打回原形',251,1,'陈奕迅-打回原形.flac','/Volumes/MdieaLib/音乐库/陈奕迅-打回原形.flac','','','','2024-12-16 14:22:22.773304','2024-12-16 14:22:22.773318'),(694,'大个女',239,1,'陈奕迅-大个女.flac','/Volumes/MdieaLib/音乐库/陈奕迅-大个女.flac','','','','2024-12-16 14:22:22.869211','2024-12-16 14:22:22.869229'),(695,'大开眼戒',250,1,'陈奕迅-大开眼戒.flac','/Volumes/MdieaLib/音乐库/陈奕迅-大开眼戒.flac','','','','2024-12-16 14:22:22.965969','2024-12-16 14:22:22.965982'),(696,'大人',188,1,'陈奕迅-大人.flac','/Volumes/MdieaLib/音乐库/陈奕迅-大人.flac','','','','2024-12-16 14:22:23.064726','2024-12-16 14:22:23.064743'),(697,'当这地球没有花',224,1,'陈奕迅-当这地球没有花.flac','/Volumes/MdieaLib/音乐库/陈奕迅-当这地球没有花.flac','','','','2024-12-16 14:22:23.223801','2024-12-16 14:22:23.223814'),(698,'倒带人生',341,1,'陈奕迅-倒带人生.flac','/Volumes/MdieaLib/音乐库/陈奕迅-倒带人生.flac','','','','2024-12-16 14:22:23.272704','2024-12-16 14:22:23.272717'),(699,'等你爱我',280,1,'陈奕迅-等你爱我.flac','/Volumes/MdieaLib/音乐库/陈奕迅-等你爱我.flac','','','','2024-12-16 14:22:23.361237','2024-12-16 14:22:23.361252'),(700,'低等动物',260,1,'陈奕迅-低等动物.flac','/Volumes/MdieaLib/音乐库/陈奕迅-低等动物.flac','','','','2024-12-16 14:22:23.448635','2024-12-16 14:22:23.448653'),(701,'低调',231,1,'陈奕迅-低调.flac','/Volumes/MdieaLib/音乐库/陈奕迅-低调.flac','','','','2024-12-16 14:22:23.650463','2024-12-16 14:22:23.650493'),(702,'敌人',255,2,'','','陈奕迅-敌人.mp3','/Volumes/MdieaLib/音乐库/陈奕迅-敌人.mp3','','2024-12-16 14:22:23.744284','2024-12-16 14:22:23.744302'),(703,'第一个雅皮士',204,1,'陈奕迅-第一个雅皮士.flac','/Volumes/MdieaLib/音乐库/陈奕迅-第一个雅皮士.flac','','','','2024-12-16 14:22:23.890038','2024-12-16 14:22:23.890053'),(704,'第一类接触',177,1,'陈奕迅-第一类接触.flac','/Volumes/MdieaLib/音乐库/陈奕迅-第一类接触.flac','','','','2024-12-16 14:22:23.949903','2024-12-16 14:22:23.949917'),(705,'斗战神',308,2,'','','陈奕迅-斗战神.mp3','/Volumes/MdieaLib/音乐库/陈奕迅-斗战神.mp3','','2024-12-16 14:22:24.014103','2024-12-16 14:22:24.014117'),(706,'独居动物',263,1,'陈奕迅-独居动物.flac','/Volumes/MdieaLib/音乐库/陈奕迅-独居动物.flac','','','','2024-12-16 14:22:24.053528','2024-12-16 14:22:24.053547'),(707,'对不起 谢谢',263,1,'陈奕迅-对不起 谢谢.flac','/Volumes/MdieaLib/音乐库/陈奕迅-对不起 谢谢.flac','','','','2024-12-16 14:22:24.158550','2024-12-16 14:22:24.158566'),(708,'对面',289,1,'陈奕迅-对面.flac','/Volumes/MdieaLib/音乐库/陈奕迅-对面.flac','','','','2024-12-16 14:22:24.223953','2024-12-16 14:22:24.223968'),(709,'多少',296,1,'陈奕迅-多少.flac','/Volumes/MdieaLib/音乐库/陈奕迅-多少.flac','','','','2024-12-16 14:22:24.266951','2024-12-16 14:22:24.266968'),(710,'多一点',241,1,'陈奕迅-多一点.flac','/Volumes/MdieaLib/音乐库/陈奕迅-多一点.flac','','','','2024-12-16 14:22:24.321248','2024-12-16 14:22:24.321262'),(711,'反高潮',224,1,'陈奕迅-反高潮.flac','/Volumes/MdieaLib/音乐库/陈奕迅-反高潮.flac','','','','2024-12-16 14:22:24.397767','2024-12-16 14:22:24.397781'),(712,'防不胜防',264,1,'陈奕迅-防不胜防.flac','/Volumes/MdieaLib/音乐库/陈奕迅-防不胜防.flac','','','','2024-12-16 14:22:24.472242','2024-12-16 14:22:24.472259'),(713,'放',206,1,'陈奕迅-放.flac','/Volumes/MdieaLib/音乐库/陈奕迅-放.flac','','','','2024-12-16 14:22:24.519033','2024-12-16 14:22:24.519047'),(714,'放弃治疗',256,1,'陈奕迅-放弃治疗.flac','/Volumes/MdieaLib/音乐库/陈奕迅-放弃治疗.flac','','','','2024-12-16 14:22:24.549479','2024-12-16 14:22:24.549496'),(715,'放下来',193,1,'陈奕迅-放下来.flac','/Volumes/MdieaLib/音乐库/陈奕迅-放下来.flac','','','','2024-12-16 14:22:24.590079','2024-12-16 14:22:24.590096'),(716,'非礼',192,1,'陈奕迅-非礼.flac','/Volumes/MdieaLib/音乐库/陈奕迅-非礼.flac','','','','2024-12-16 14:22:24.643482','2024-12-16 14:22:24.643498'),(717,'非走不可',249,1,'陈奕迅-非走不可.flac','/Volumes/MdieaLib/音乐库/陈奕迅-非走不可.flac','','','','2024-12-16 14:22:24.825215','2024-12-16 14:22:24.825233'),(718,'浮城',222,1,'陈奕迅-浮城.flac','/Volumes/MdieaLib/音乐库/陈奕迅-浮城.flac','','','','2024-12-16 14:22:24.854344','2024-12-16 14:22:24.854364'),(719,'傅科摆',245,1,'陈奕迅-傅科摆.flac','/Volumes/MdieaLib/音乐库/陈奕迅-傅科摆.flac','','','','2024-12-16 14:22:25.051442','2024-12-16 14:22:25.051456'),(720,'改造人',266,1,'陈奕迅-改造人.flac','/Volumes/MdieaLib/音乐库/陈奕迅-改造人.flac','','','','2024-12-16 14:22:25.162213','2024-12-16 14:22:25.162238'),(721,'告别娑婆',260,1,'陈奕迅-告别娑婆.flac','/Volumes/MdieaLib/音乐库/陈奕迅-告别娑婆.flac','','','','2024-12-16 14:22:25.203152','2024-12-16 14:22:25.203171'),(722,'歌·颂',224,1,'陈奕迅-歌·颂.flac','/Volumes/MdieaLib/音乐库/陈奕迅-歌·颂.flac','','','','2024-12-16 14:22:25.267518','2024-12-16 14:22:25.267532'),(723,'给爱丽斯',210,1,'陈奕迅-给爱丽斯.flac','/Volumes/MdieaLib/音乐库/陈奕迅-给爱丽斯.flac','','','','2024-12-16 14:22:25.369977','2024-12-16 14:22:25.369992'),(724,'给你',316,1,'陈奕迅-给你.flac','/Volumes/MdieaLib/音乐库/陈奕迅-给你.flac','','','','2024-12-16 14:22:25.480726','2024-12-16 14:22:25.480748'),(725,'跟我走好吗',245,2,'','','陈奕迅-跟我走好吗.mp3','/Volumes/MdieaLib/音乐库/陈奕迅-跟我走好吗.mp3','','2024-12-16 14:22:25.604318','2024-12-16 14:22:25.604334'),(726,'孤独探戈',203,1,'陈奕迅-孤独探戈.flac','/Volumes/MdieaLib/音乐库/陈奕迅-孤独探戈.flac','','','','2024-12-16 14:22:25.807810','2024-12-16 14:22:25.807827'),(727,'孤儿仔',202,1,'陈奕迅-孤儿仔.flac','/Volumes/MdieaLib/音乐库/陈奕迅-孤儿仔.flac','','','','2024-12-16 14:22:25.855658','2024-12-16 14:22:25.855672'),(728,'故事',226,1,'陈奕迅-故事.flac','/Volumes/MdieaLib/音乐库/陈奕迅-故事.flac','','','','2024-12-16 14:22:25.912090','2024-12-16 14:22:25.912109'),(729,'怪物',190,1,'陈奕迅-怪物.flac','/Volumes/MdieaLib/音乐库/陈奕迅-怪物.flac','','','','2024-12-16 14:22:25.953258','2024-12-16 14:22:25.953272'),(730,'光辉岁月',241,1,'陈奕迅-光辉岁月.flac','/Volumes/MdieaLib/音乐库/陈奕迅-光辉岁月.flac','','','','2024-12-16 14:22:26.073881','2024-12-16 14:22:26.073894'),(731,'还要不要走',353,1,'陈奕迅-还要不要走.flac','/Volumes/MdieaLib/音乐库/陈奕迅-还要不要走.flac','','','','2024-12-16 14:22:26.214337','2024-12-16 14:22:26.214351'),(732,'还有什么可以送给你',269,1,'陈奕迅-还有什么可以送给你.flac','/Volumes/MdieaLib/音乐库/陈奕迅-还有什么可以送给你.flac','','','','2024-12-16 14:22:26.258290','2024-12-16 14:22:26.258307'),(733,'海胆',197,1,'陈奕迅-海胆.flac','/Volumes/MdieaLib/音乐库/陈奕迅-海胆.flac','','','','2024-12-16 14:22:26.401273','2024-12-16 14:22:26.401287'),(734,'和平饭店',158,1,'陈奕迅-和平饭店.flac','/Volumes/MdieaLib/音乐库/陈奕迅-和平饭店.flac','','','','2024-12-16 14:22:26.588732','2024-12-16 14:22:26.588750'),(735,'黑暗中漫舞',195,1,'陈奕迅-黑暗中漫舞.flac','/Volumes/MdieaLib/音乐库/陈奕迅-黑暗中漫舞.flac','','','','2024-12-16 14:22:26.697459','2024-12-16 14:22:26.697475'),(736,'黑洞',221,1,'陈奕迅-黑洞.flac','/Volumes/MdieaLib/音乐库/陈奕迅-黑洞.flac','','','','2024-12-16 14:22:26.735133','2024-12-16 14:22:26.735148'),(737,'黑面',342,1,'陈奕迅-黑面.flac','/Volumes/MdieaLib/音乐库/陈奕迅-黑面.flac','','','','2024-12-16 14:22:26.848786','2024-12-16 14:22:26.848803'),(738,'黑择明',272,1,'陈奕迅-黑择明.flac','/Volumes/MdieaLib/音乐库/陈奕迅-黑择明.flac','','','','2024-12-16 14:22:26.893239','2024-12-16 14:22:26.893252'),(739,'后台',273,1,'陈奕迅-后台.flac','/Volumes/MdieaLib/音乐库/陈奕迅-后台.flac','','','','2024-12-16 14:22:26.941762','2024-12-16 14:22:26.941776'),(740,'忽然难过',247,1,'陈奕迅-忽然难过.flac','/Volumes/MdieaLib/音乐库/陈奕迅-忽然难过.flac','','','','2024-12-16 14:22:26.995680','2024-12-16 14:22:26.995693'),(741,'花花世界',270,1,'陈奕迅-花花世界.flac','/Volumes/MdieaLib/音乐库/陈奕迅-花花世界.flac','','','','2024-12-16 14:22:27.060606','2024-12-16 14:22:27.060620'),(742,'滑铁卢车站',228,1,'陈奕迅-滑铁卢车站.flac','/Volumes/MdieaLib/音乐库/陈奕迅-滑铁卢车站.flac','','','','2024-12-16 14:22:27.111851','2024-12-16 14:22:27.111867'),(743,'坏情人',203,1,'陈奕迅-坏情人.flac','/Volumes/MdieaLib/音乐库/陈奕迅-坏情人.flac','','','','2024-12-16 14:22:27.215981','2024-12-16 14:22:27.216006'),(744,'黄金时代',249,1,'陈奕迅-黄金时代.flac','/Volumes/MdieaLib/音乐库/陈奕迅-黄金时代.flac','','','','2024-12-16 14:22:27.315240','2024-12-16 14:22:27.315257'),(745,'谎言',249,1,'陈奕迅-谎言.flac','/Volumes/MdieaLib/音乐库/陈奕迅-谎言.flac','','','','2024-12-16 14:22:27.426161','2024-12-16 14:22:27.426176'),(746,'婚礼的祝福',263,1,'陈奕迅-婚礼的祝福.flac','/Volumes/MdieaLib/音乐库/陈奕迅-婚礼的祝福.flac','','','','2024-12-16 14:22:27.475328','2024-12-16 14:22:27.475346'),(747,'活跃症',327,1,'陈奕迅-活跃症.flac','/Volumes/MdieaLib/音乐库/陈奕迅-活跃症.flac','','','','2024-12-16 14:22:27.520490','2024-12-16 14:22:27.520506'),(748,'活着多好',263,1,'陈奕迅-活着多好.flac','/Volumes/MdieaLib/音乐库/陈奕迅-活着多好.flac','','','','2024-12-16 14:22:27.642994','2024-12-16 14:22:27.643010'),(749,'积木',257,1,'陈奕迅-积木.flac','/Volumes/MdieaLib/音乐库/陈奕迅-积木.flac','','','','2024-12-16 14:22:27.688084','2024-12-16 14:22:27.688100'),(750,'几许风雨',335,1,'陈奕迅-几许风雨.flac','/Volumes/MdieaLib/音乐库/陈奕迅-几许风雨.flac','','','','2024-12-16 14:22:27.737236','2024-12-16 14:22:27.737249'),(751,'季军',220,1,'陈奕迅-季军.flac','/Volumes/MdieaLib/音乐库/陈奕迅-季军.flac','','','','2024-12-16 14:22:27.789991','2024-12-16 14:22:27.790008'),(752,'寂寞让你更快乐',251,1,'陈奕迅-寂寞让你更快乐.flac','/Volumes/MdieaLib/音乐库/陈奕迅-寂寞让你更快乐.flac','','','','2024-12-16 14:22:27.834503','2024-12-16 14:22:27.834519'),(753,'寂寞奏鸣曲',213,1,'陈奕迅-寂寞奏鸣曲.flac','/Volumes/MdieaLib/音乐库/陈奕迅-寂寞奏鸣曲.flac','','','','2024-12-16 14:22:27.944415','2024-12-16 14:22:27.944433'),(754,'结束开始',226,1,'陈奕迅-结束开始.flac','/Volumes/MdieaLib/音乐库/陈奕迅-结束开始.flac','','','','2024-12-16 14:22:28.089551','2024-12-16 14:22:28.089566'),(755,'解药',250,1,'陈奕迅-解药.flac','/Volumes/MdieaLib/音乐库/陈奕迅-解药.flac','','','','2024-12-16 14:22:28.148055','2024-12-16 14:22:28.148073'),(756,'今天等我来',264,1,'陈奕迅-今天等我来.flac','/Volumes/MdieaLib/音乐库/陈奕迅-今天等我来.flac','','','','2024-12-16 14:22:28.253841','2024-12-16 14:22:28.253856'),(757,'今天只做一件事',229,1,'陈奕迅-今天只做一件事.flac','/Volumes/MdieaLib/音乐库/陈奕迅-今天只做一件事.flac','','','','2024-12-16 14:22:28.316117','2024-12-16 14:22:28.316135'),(758,'开不了心',279,1,'陈奕迅-开不了心.flac','/Volumes/MdieaLib/音乐库/陈奕迅-开不了心.flac','','','','2024-12-16 14:22:28.425090','2024-12-16 14:22:28.425107'),(759,'看穿',222,1,'陈奕迅-看穿.flac','/Volumes/MdieaLib/音乐库/陈奕迅-看穿.flac','','','','2024-12-16 14:22:28.489562','2024-12-16 14:22:28.489577'),(760,'可以了',291,1,'陈奕迅-可以了.flac','/Volumes/MdieaLib/音乐库/陈奕迅-可以了.flac','','','','2024-12-16 14:22:28.652253','2024-12-16 14:22:28.652271'),(761,'恐龙进化论',192,1,'陈奕迅-恐龙进化论.flac','/Volumes/MdieaLib/音乐库/陈奕迅-恐龙进化论.flac','','','','2024-12-16 14:22:28.696430','2024-12-16 14:22:28.696445'),(762,'苦瓜',278,1,'陈奕迅-苦瓜.flac','/Volumes/MdieaLib/音乐库/陈奕迅-苦瓜.flac','','','','2024-12-16 14:22:28.763333','2024-12-16 14:22:28.763349'),(763,'快乐男生',202,1,'陈奕迅-快乐男生.flac','/Volumes/MdieaLib/音乐库/陈奕迅-快乐男生.flac','','','','2024-12-16 14:22:28.817391','2024-12-16 14:22:28.817407'),(764,'狂热革命',224,1,'陈奕迅-狂热革命.flac','/Volumes/MdieaLib/音乐库/陈奕迅-狂热革命.flac','','','','2024-12-16 14:22:28.873299','2024-12-16 14:22:28.873313'),(765,'蓝色频闪灯',191,2,'','','陈奕迅-蓝色频闪灯.mp3','/Volumes/MdieaLib/音乐库/陈奕迅-蓝色频闪灯.mp3','','2024-12-16 14:22:28.949645','2024-12-16 14:22:28.949680'),(766,'烂',258,1,'陈奕迅-烂.flac','/Volumes/MdieaLib/音乐库/陈奕迅-烂.flac','','','','2024-12-16 14:22:29.074968','2024-12-16 14:22:29.074993'),(767,'老细我撇先',243,1,'陈奕迅-老细我撇先.flac','/Volumes/MdieaLib/音乐库/陈奕迅-老细我撇先.flac','','','','2024-12-16 14:22:29.133845','2024-12-16 14:22:29.133859'),(768,'嚟喇',13,1,'陈奕迅-嚟喇.flac','/Volumes/MdieaLib/音乐库/陈奕迅-嚟喇.flac','','','','2024-12-16 14:22:29.172028','2024-12-16 14:22:29.172049'),(769,'两名男子街头相遇',225,1,'陈奕迅-两名男子街头相遇.flac','/Volumes/MdieaLib/音乐库/陈奕迅-两名男子街头相遇.flac','','','','2024-12-16 14:22:29.258982','2024-12-16 14:22:29.258996'),(770,'两种讲法',233,1,'陈奕迅-两种讲法.flac','/Volumes/MdieaLib/音乐库/陈奕迅-两种讲法.flac','','','','2024-12-16 14:22:29.321627','2024-12-16 14:22:29.321645'),(771,'零下几分钟',257,1,'陈奕迅-零下几分钟.flac','/Volumes/MdieaLib/音乐库/陈奕迅-零下几分钟.flac','','','','2024-12-16 14:22:29.373737','2024-12-16 14:22:29.373752'),(772,'六月飞霜[12530.com]',268,1,'陈奕迅-六月飞霜.flac','/Volumes/MdieaLib/音乐库/陈奕迅-六月飞霜.flac','','','','2024-12-16 14:22:29.411357','2024-12-16 14:22:29.411371'),(773,'碌卡',216,1,'陈奕迅-碌卡.flac','/Volumes/MdieaLib/音乐库/陈奕迅-碌卡.flac','','','','2024-12-16 14:22:29.456653','2024-12-16 14:22:29.456667'),(774,'路...一直都在',279,1,'陈奕迅-路.flac','/Volumes/MdieaLib/音乐库/陈奕迅-路.flac','','','','2024-12-16 14:22:29.498665','2024-12-16 14:22:29.498683'),(775,'落花流水',239,1,'陈奕迅-落花流水.flac','/Volumes/MdieaLib/音乐库/陈奕迅-落花流水.flac','','','','2024-12-16 14:22:29.567752','2024-12-16 14:22:29.567766'),(776,'玛利奥派对',206,1,'陈奕迅-玛利奥派对.flac','/Volumes/MdieaLib/音乐库/陈奕迅-玛利奥派对.flac','','','','2024-12-16 14:22:29.629934','2024-12-16 14:22:29.629958'),(777,'没有你',265,1,'陈奕迅-没有你.flac','/Volumes/MdieaLib/音乐库/陈奕迅-没有你.flac','','','','2024-12-16 14:22:29.679320','2024-12-16 14:22:29.679334'),(778,'没有手机的日子',268,1,'陈奕迅-没有手机的日子.flac','/Volumes/MdieaLib/音乐库/陈奕迅-没有手机的日子.flac','','','','2024-12-16 14:22:29.754104','2024-12-16 14:22:29.754118'),(779,'每一个明天',265,1,'陈奕迅-每一个明天.flac','/Volumes/MdieaLib/音乐库/陈奕迅-每一个明天.flac','','','','2024-12-16 14:22:29.821039','2024-12-16 14:22:29.821054'),(780,'美丽谎言',254,1,'陈奕迅-美丽谎言.flac','/Volumes/MdieaLib/音乐库/陈奕迅-美丽谎言.flac','','','','2024-12-16 14:22:29.862552','2024-12-16 14:22:29.862569'),(781,'美丽有罪',317,1,'陈奕迅-美丽有罪.flac','/Volumes/MdieaLib/音乐库/陈奕迅-美丽有罪.flac','','','','2024-12-16 14:22:29.909198','2024-12-16 14:22:29.909213'),(782,'美满人生',226,1,'陈奕迅-美满人生.flac','/Volumes/MdieaLib/音乐库/陈奕迅-美满人生.flac','','','','2024-12-16 14:22:29.948825','2024-12-16 14:22:29.948839'),(783,'梦的可能',251,1,'陈奕迅-梦的可能.flac','/Volumes/MdieaLib/音乐库/陈奕迅-梦的可能.flac','','','','2024-12-16 14:22:30.011264','2024-12-16 14:22:30.011287'),(784,'梦想天空分外蓝',212,2,'','','陈奕迅-梦想天空分外蓝.mp3','/Volumes/MdieaLib/音乐库/陈奕迅-梦想天空分外蓝.mp3','','2024-12-16 14:22:30.068134','2024-12-16 14:22:30.068152'),(785,'绵绵',248,1,'陈奕迅-绵绵.flac','/Volumes/MdieaLib/音乐库/陈奕迅-绵绵.flac','','','','2024-12-16 14:22:30.144180','2024-12-16 14:22:30.144197'),(786,'乜嘢啫',238,1,'陈奕迅-乜嘢啫.flac','/Volumes/MdieaLib/音乐库/陈奕迅-乜嘢啫.flac','','','','2024-12-16 14:22:30.197774','2024-12-16 14:22:30.197791'),(787,'明年今日',206,1,'陈奕迅-明年今日.flac','/Volumes/MdieaLib/音乐库/陈奕迅-明年今日.flac','','','','2024-12-16 14:22:30.266147','2024-12-16 14:22:30.266162'),(788,'谋情害命',217,1,'陈奕迅-谋情害命.flac','/Volumes/MdieaLib/音乐库/陈奕迅-谋情害命.flac','','','','2024-12-16 14:22:30.376053','2024-12-16 14:22:30.376068'),(789,'那些让你死去活来的女孩',261,1,'陈奕迅-那些让你死去活来的女孩.flac','/Volumes/MdieaLib/音乐库/陈奕迅-那些让你死去活来的女孩.flac','','','','2024-12-16 14:22:30.425766','2024-12-16 14:22:30.425780'),(790,'那一夜有没有说',200,2,'','','陈奕迅-那一夜有没有说.mp3','/Volumes/MdieaLib/音乐库/陈奕迅-那一夜有没有说.mp3','','2024-12-16 14:22:30.553466','2024-12-16 14:22:30.553483'),(791,'那一夜有没有雪',45,2,'','','陈奕迅-那一夜有没有雪.mp3','/Volumes/MdieaLib/音乐库/陈奕迅-那一夜有没有雪.mp3','','2024-12-16 14:22:30.682383','2024-12-16 14:22:30.682397'),(792,'男人的错',229,1,'陈奕迅-男人的错.flac','/Volumes/MdieaLib/音乐库/陈奕迅-男人的错.flac','','','','2024-12-16 14:22:30.723521','2024-12-16 14:22:30.723536'),(793,'内疚',240,1,'陈奕迅-内疚.flac','/Volumes/MdieaLib/音乐库/陈奕迅-内疚.flac','','','','2024-12-16 14:22:30.778995','2024-12-16 14:22:30.779016'),(794,'你会不会',270,1,'陈奕迅-你会不会.flac','/Volumes/MdieaLib/音乐库/陈奕迅-你会不会.flac','','','','2024-12-16 14:22:31.117983','2024-12-16 14:22:31.118010'),(795,'你为什么哭了呢',293,1,'陈奕迅-你为什么哭了呢.flac','/Volumes/MdieaLib/音乐库/陈奕迅-你为什么哭了呢.flac','','','','2024-12-16 14:22:31.189105','2024-12-16 14:22:31.189119'),(796,'怕死',255,1,'陈奕迅-怕死.flac','/Volumes/MdieaLib/音乐库/陈奕迅-怕死.flac','','','','2024-12-16 14:22:31.251699','2024-12-16 14:22:31.251715'),(797,'披风',236,1,'陈奕迅-披风.flac','/Volumes/MdieaLib/音乐库/陈奕迅-披风.flac','','','','2024-12-16 14:22:31.385816','2024-12-16 14:22:31.385838'),(798,'飘飘飘飘',226,1,'陈奕迅-飘飘飘飘.flac','/Volumes/MdieaLib/音乐库/陈奕迅-飘飘飘飘.flac','','','','2024-12-16 14:22:31.470388','2024-12-16 14:22:31.470404'),(799,'漂亮小姐',274,1,'陈奕迅-漂亮小姐.flac','/Volumes/MdieaLib/音乐库/陈奕迅-漂亮小姐.flac','','','','2024-12-16 14:22:31.516421','2024-12-16 14:22:31.516434'),(800,'葡萄成熟时',279,1,'陈奕迅-葡萄成熟时.flac','/Volumes/MdieaLib/音乐库/陈奕迅-葡萄成熟时.flac','','','','2024-12-16 14:22:31.606795','2024-12-16 14:22:31.606810'),(801,'七百年后',262,1,'陈奕迅-七百年后.flac','/Volumes/MdieaLib/音乐库/陈奕迅-七百年后.flac','','','','2024-12-16 14:22:31.639038','2024-12-16 14:22:31.639053'),(802,'起点·终站',249,1,'陈奕迅-起点·终站.flac','/Volumes/MdieaLib/音乐库/陈奕迅-起点·终站.flac','','','','2024-12-16 14:22:31.691336','2024-12-16 14:22:31.691351'),(803,'亲近',226,1,'陈奕迅-亲近.flac','/Volumes/MdieaLib/音乐库/陈奕迅-亲近.flac','','','','2024-12-16 14:22:31.773628','2024-12-16 14:22:31.773642'),(804,'请相信我',308,1,'陈奕迅-请相信我.flac','/Volumes/MdieaLib/音乐库/陈奕迅-请相信我.flac','','','','2024-12-16 14:22:31.883838','2024-12-16 14:22:31.883851'),(805,'全世界失眠',250,1,'陈奕迅-全世界失眠.flac','/Volumes/MdieaLib/音乐库/陈奕迅-全世界失眠.flac','','','','2024-12-16 14:22:31.929090','2024-12-16 14:22:31.929104'),(806,'裙下之臣',262,1,'陈奕迅-裙下之臣.flac','/Volumes/MdieaLib/音乐库/陈奕迅-裙下之臣.flac','','','','2024-12-16 14:22:32.009741','2024-12-16 14:22:32.009755'),(807,'然后怎样 + Hidden message',364,1,'陈奕迅-然后怎样 + Hidden message.flac','/Volumes/MdieaLib/音乐库/陈奕迅-然后怎样 + Hidden message.flac','','','','2024-12-16 14:22:32.123562','2024-12-16 14:22:32.123585'),(808,'热带雨林',258,1,'陈奕迅-热带雨林.flac','/Volumes/MdieaLib/音乐库/陈奕迅-热带雨林.flac','','','','2024-12-16 14:22:32.263185','2024-12-16 14:22:32.263214'),(809,'热岛小夜曲',245,1,'陈奕迅-热岛小夜曲.flac','/Volumes/MdieaLib/音乐库/陈奕迅-热岛小夜曲.flac','','','','2024-12-16 14:22:32.370937','2024-12-16 14:22:32.370951'),(810,'人车志',249,1,'陈奕迅-人车志.flac','/Volumes/MdieaLib/音乐库/陈奕迅-人车志.flac','','','','2024-12-16 14:22:32.482386','2024-12-16 14:22:32.482407'),(811,'人工智能',222,1,'陈奕迅-人工智能.flac','/Volumes/MdieaLib/音乐库/陈奕迅-人工智能.flac','','','','2024-12-16 14:22:32.567449','2024-12-16 14:22:32.567464'),(812,'人来人往-《爱我请留言》TVB电视剧插曲',234,1,'陈奕迅-人来人往-《爱我请留言》TVB电视剧插曲.flac','/Volumes/MdieaLib/音乐库/陈奕迅-人来人往-《爱我请留言》TVB电视剧插曲.flac','','','','2024-12-16 14:22:32.613150','2024-12-16 14:22:32.613165'),(813,'人神斗',281,1,'陈奕迅-人神斗.flac','/Volumes/MdieaLib/音乐库/陈奕迅-人神斗.flac','','','','2024-12-16 14:22:32.707547','2024-12-16 14:22:32.707564'),(814,'人生马拉松',284,1,'陈奕迅-人生马拉松.flac','/Volumes/MdieaLib/音乐库/陈奕迅-人生马拉松.flac','','','','2024-12-16 14:22:32.733858','2024-12-16 14:22:32.733868'),(815,'人造卫星',239,1,'陈奕迅-人造卫星.flac','/Volumes/MdieaLib/音乐库/陈奕迅-人造卫星.flac','','','','2024-12-16 14:22:32.841789','2024-12-16 14:22:32.841806'),(816,'任我行',278,1,'陈奕迅-任我行.flac','/Volumes/MdieaLib/音乐库/陈奕迅-任我行.flac','','','','2024-12-16 14:22:32.970522','2024-12-16 14:22:32.970536'),(817,'三个人的探戈',200,1,'陈奕迅-三个人的探戈.flac','/Volumes/MdieaLib/音乐库/陈奕迅-三个人的探戈.flac','','','','2024-12-16 14:22:33.103714','2024-12-16 14:22:33.103729'),(818,'沙龙',275,1,'陈奕迅-沙龙.flac','/Volumes/MdieaLib/音乐库/陈奕迅-沙龙.flac','','','','2024-12-16 14:22:33.155704','2024-12-16 14:22:33.155718'),(819,'闪',222,1,'陈奕迅-闪.flac','/Volumes/MdieaLib/音乐库/陈奕迅-闪.flac','','','','2024-12-16 14:22:33.198438','2024-12-16 14:22:33.198452'),(820,'伤信',278,1,'陈奕迅-伤信.flac','/Volumes/MdieaLib/音乐库/陈奕迅-伤信.flac','','','','2024-12-16 14:22:33.249473','2024-12-16 14:22:33.249490'),(821,'少见不怪',230,1,'陈奕迅-少见不怪.flac','/Volumes/MdieaLib/音乐库/陈奕迅-少见不怪.flac','','','','2024-12-16 14:22:33.373476','2024-12-16 14:22:33.373490'),(822,'谁来剪月光',212,1,'陈奕迅-谁来剪月光.flac','/Volumes/MdieaLib/音乐库/陈奕迅-谁来剪月光.flac','','','','2024-12-16 14:22:33.429425','2024-12-16 14:22:33.429438'),(823,'神奇化妆师',223,1,'陈奕迅-神奇化妆师.flac','/Volumes/MdieaLib/音乐库/陈奕迅-神奇化妆师.flac','','','','2024-12-16 14:22:33.480574','2024-12-16 14:22:33.480588'),(824,'生命有几好',254,2,'','','陈奕迅-生命有几好.mp3','/Volumes/MdieaLib/音乐库/陈奕迅-生命有几好.mp3','','2024-12-16 14:22:33.553727','2024-12-16 14:22:33.553743'),(825,'圣诞结',284,1,'陈奕迅-圣诞结.flac','/Volumes/MdieaLib/音乐库/陈奕迅-圣诞结.flac','','','','2024-12-16 14:22:33.586159','2024-12-16 14:22:33.586173'),(826,'失恋太少',214,1,'陈奕迅-失恋太少.flac','/Volumes/MdieaLib/音乐库/陈奕迅-失恋太少.flac','','','','2024-12-16 14:22:33.636759','2024-12-16 14:22:33.636778'),(827,'失忆蝴蝶',237,1,'陈奕迅-失忆蝴蝶.flac','/Volumes/MdieaLib/音乐库/陈奕迅-失忆蝴蝶.flac','','','','2024-12-16 14:22:33.685034','2024-12-16 14:22:33.685050'),(828,'时代巨轮',218,1,'陈奕迅-时代巨轮.flac','/Volumes/MdieaLib/音乐库/陈奕迅-时代巨轮.flac','','','','2024-12-16 14:22:33.826980','2024-12-16 14:22:33.826995'),(829,'时代曲',389,1,'陈奕迅-时代曲.flac','/Volumes/MdieaLib/音乐库/陈奕迅-时代曲.flac','','','','2024-12-16 14:22:33.904797','2024-12-16 14:22:33.904812'),(830,'时光倒流二十年',206,1,'陈奕迅-时光倒流二十年.flac','/Volumes/MdieaLib/音乐库/陈奕迅-时光倒流二十年.flac','','','','2024-12-16 14:22:33.957530','2024-12-16 14:22:33.957552'),(831,'时光隧道',260,1,'陈奕迅-时光隧道.flac','/Volumes/MdieaLib/音乐库/陈奕迅-时光隧道.flac','','','','2024-12-16 14:22:34.021631','2024-12-16 14:22:34.021645'),(832,'世界',264,1,'陈奕迅-世界.flac','/Volumes/MdieaLib/音乐库/陈奕迅-世界.flac','','','','2024-12-16 14:22:34.120257','2024-12-16 14:22:34.120272'),(833,'收心操',173,1,'陈奕迅-收心操.flac','/Volumes/MdieaLib/音乐库/陈奕迅-收心操.flac','','','','2024-12-16 14:22:34.253035','2024-12-16 14:22:34.253050'),(834,'斯德哥尔摩情人',252,1,'陈奕迅-斯德哥尔摩情人.flac','/Volumes/MdieaLib/音乐库/陈奕迅-斯德哥尔摩情人.flac','','','','2024-12-16 14:22:34.295722','2024-12-16 14:22:34.295739'),(835,'四季',244,2,'','','陈奕迅-四季.mp3','/Volumes/MdieaLib/音乐库/陈奕迅-四季.mp3','','2024-12-16 14:22:34.410942','2024-12-16 14:22:34.410955'),(836,'四季圈',320,1,'陈奕迅-四季圈.flac','/Volumes/MdieaLib/音乐库/陈奕迅-四季圈.flac','','','','2024-12-16 14:22:34.455113','2024-12-16 14:22:34.455127'),(837,'送院途中',213,1,'陈奕迅-送院途中.flac','/Volumes/MdieaLib/音乐库/陈奕迅-送院途中.flac','','','','2024-12-16 14:22:34.515163','2024-12-16 14:22:34.515180'),(838,'随意门',246,1,'陈奕迅-随意门.flac','/Volumes/MdieaLib/音乐库/陈奕迅-随意门.flac','','','','2024-12-16 14:22:34.588554','2024-12-16 14:22:34.588580'),(839,'他一个人',260,1,'陈奕迅-他一个人.flac','/Volumes/MdieaLib/音乐库/陈奕迅-他一个人.flac','','','','2024-12-16 14:22:34.728468','2024-12-16 14:22:34.728482'),(840,'太阳照常升起',230,1,'陈奕迅-太阳照常升起.flac','/Volumes/MdieaLib/音乐库/陈奕迅-太阳照常升起.flac','','','','2024-12-16 14:22:34.805962','2024-12-16 14:22:34.805975'),(841,'天公地道',243,1,'陈奕迅-天公地道.flac','/Volumes/MdieaLib/音乐库/陈奕迅-天公地道.flac','','','','2024-12-16 14:22:34.901682','2024-12-16 14:22:34.901696'),(842,'天使的礼物',205,1,'陈奕迅-天使的礼物.flac','/Volumes/MdieaLib/音乐库/陈奕迅-天使的礼物.flac','','','','2024-12-16 14:22:35.009588','2024-12-16 14:22:35.009606'),(843,'天网',229,1,'陈奕迅-天网.flac','/Volumes/MdieaLib/音乐库/陈奕迅-天网.flac','','','','2024-12-16 14:22:35.078175','2024-12-16 14:22:35.078188'),(844,'天下无双',260,1,'陈奕迅-天下无双.flac','/Volumes/MdieaLib/音乐库/陈奕迅-天下无双.flac','','','','2024-12-16 14:22:35.180802','2024-12-16 14:22:35.180819'),(845,'天一半、地一半',157,1,'陈奕迅-天一半、地一半.flac','/Volumes/MdieaLib/音乐库/陈奕迅-天一半、地一半.flac','','','','2024-12-16 14:22:35.231197','2024-12-16 14:22:35.231210'),(846,'跳得火热',954,1,'陈奕迅-跳得火热.flac','/Volumes/MdieaLib/音乐库/陈奕迅-跳得火热.flac','','','','2024-12-16 14:22:35.361096','2024-12-16 14:22:35.361112'),(847,'跳蚤市场',211,1,'陈奕迅-跳蚤市场.flac','/Volumes/MdieaLib/音乐库/陈奕迅-跳蚤市场.flac','','','','2024-12-16 14:22:35.409436','2024-12-16 14:22:35.409453'),(848,'听听',162,1,'陈奕迅-听听.flac','/Volumes/MdieaLib/音乐库/陈奕迅-听听.flac','','','','2024-12-16 14:22:35.518044','2024-12-16 14:22:35.518060'),(849,'听一千遍后',319,1,'陈奕迅-听一千遍后.flac','/Volumes/MdieaLib/音乐库/陈奕迅-听一千遍后.flac','','','','2024-12-16 14:22:35.542304','2024-12-16 14:22:35.542317'),(850,'土星环',271,1,'陈奕迅-土星环.flac','/Volumes/MdieaLib/音乐库/陈奕迅-土星环.flac','','','','2024-12-16 14:22:35.590433','2024-12-16 14:22:35.590449'),(851,'陀飞轮',278,1,'陈奕迅-陀飞轮.flac','/Volumes/MdieaLib/音乐库/陈奕迅-陀飞轮.flac','','','','2024-12-16 14:22:35.635837','2024-12-16 14:22:35.635852'),(852,'完',204,1,'陈奕迅-完.flac','/Volumes/MdieaLib/音乐库/陈奕迅-完.flac','','','','2024-12-16 14:22:35.761546','2024-12-16 14:22:35.761563'),(853,'万佛朝宗',293,1,'陈奕迅-万佛朝宗.flac','/Volumes/MdieaLib/音乐库/陈奕迅-万佛朝宗.flac','','','','2024-12-16 14:22:35.887027','2024-12-16 14:22:35.887044'),(854,'万圣节的一个传说',245,1,'陈奕迅-万圣节的一个传说.flac','/Volumes/MdieaLib/音乐库/陈奕迅-万圣节的一个传说.flac','','','','2024-12-16 14:22:35.938371','2024-12-16 14:22:35.938390'),(855,'忘记歌词',213,1,'陈奕迅-忘记歌词.flac','/Volumes/MdieaLib/音乐库/陈奕迅-忘记歌词.flac','','','','2024-12-16 14:22:35.984714','2024-12-16 14:22:35.984728'),(856,'味之素',200,1,'陈奕迅-味之素.flac','/Volumes/MdieaLib/音乐库/陈奕迅-味之素.flac','','','','2024-12-16 14:22:36.029271','2024-12-16 14:22:36.029291'),(857,'温室效应',242,1,'陈奕迅-温室效应.flac','/Volumes/MdieaLib/音乐库/陈奕迅-温室效应.flac','','','','2024-12-16 14:22:36.208072','2024-12-16 14:22:36.208100'),(858,'蚊',219,1,'陈奕迅-蚊.flac','/Volumes/MdieaLib/音乐库/陈奕迅-蚊.flac','','','','2024-12-16 14:22:36.262432','2024-12-16 14:22:36.262448'),(859,'稳稳的幸福',221,1,'陈奕迅-稳稳的幸福.flac','/Volumes/MdieaLib/音乐库/陈奕迅-稳稳的幸福.flac','','','','2024-12-16 14:22:36.378458','2024-12-16 14:22:36.378474'),(860,'我不好爱',241,1,'陈奕迅-我不好爱.flac','/Volumes/MdieaLib/音乐库/陈奕迅-我不好爱.flac','','','','2024-12-16 14:22:36.426096','2024-12-16 14:22:36.426109'),(861,'我的快乐时代',216,1,'陈奕迅-我的快乐时代.flac','/Volumes/MdieaLib/音乐库/陈奕迅-我的快乐时代.flac','','','','2024-12-16 14:22:36.566929','2024-12-16 14:22:36.566943'),(862,'我的世界末日',362,1,'陈奕迅-我的世界末日.flac','/Volumes/MdieaLib/音乐库/陈奕迅-我的世界末日.flac','','','','2024-12-16 14:22:36.615491','2024-12-16 14:22:36.615507'),(863,'我感激',227,1,'陈奕迅-我感激.flac','/Volumes/MdieaLib/音乐库/陈奕迅-我感激.flac','','','','2024-12-16 14:22:36.676242','2024-12-16 14:22:36.676256'),(864,'我甲你',207,1,'陈奕迅-我甲你.flac','/Volumes/MdieaLib/音乐库/陈奕迅-我甲你.flac','','','','2024-12-16 14:22:36.734747','2024-12-16 14:22:36.734762'),(865,'我们',260,1,'陈奕迅-我们.flac','/Volumes/MdieaLib/音乐库/陈奕迅-我们.flac','','','','2024-12-16 14:22:36.799961','2024-12-16 14:22:36.799979'),(866,'我们都寂寞',294,1,'陈奕迅-我们都寂寞.flac','/Volumes/MdieaLib/音乐库/陈奕迅-我们都寂寞.flac','','','','2024-12-16 14:22:36.865594','2024-12-16 14:22:36.865616'),(867,'我怕你不肯',272,1,'陈奕迅-我怕你不肯.flac','/Volumes/MdieaLib/音乐库/陈奕迅-我怕你不肯.flac','','','','2024-12-16 14:22:36.963509','2024-12-16 14:22:36.963536'),(868,'我什么都没有',269,1,'陈奕迅-我什么都没有.flac','/Volumes/MdieaLib/音乐库/陈奕迅-我什么都没有.flac','','','','2024-12-16 14:22:37.009674','2024-12-16 14:22:37.009687'),(869,'我也不会那么做',268,1,'陈奕迅-我也不会那么做.flac','/Volumes/MdieaLib/音乐库/陈奕迅-我也不会那么做.flac','','','','2024-12-16 14:22:37.053256','2024-12-16 14:22:37.053271'),(870,'我有我爱你',177,1,'陈奕迅-我有我爱你.flac','/Volumes/MdieaLib/音乐库/陈奕迅-我有我爱你.flac','','','','2024-12-16 14:22:37.100409','2024-12-16 14:22:37.100422'),(871,'无人之境',221,1,'陈奕迅-无人之境.flac','/Volumes/MdieaLib/音乐库/陈奕迅-无人之境.flac','','','','2024-12-16 14:22:37.146097','2024-12-16 14:22:37.146113'),(872,'无条件',228,1,'陈奕迅-无条件.flac','/Volumes/MdieaLib/音乐库/陈奕迅-无条件.flac','陈奕迅-无条件.mp3','/Volumes/MdieaLib/音乐库/陈奕迅-无条件.mp3','','2024-12-16 14:22:37.276294','2024-12-16 14:22:37.335775'),(873,'无限之城',185,2,'','','陈奕迅-无限之城.mp3','/Volumes/MdieaLib/音乐库/陈奕迅-无限之城.mp3','','2024-12-16 14:22:37.370594','2024-12-16 14:22:37.370612'),(874,'夕阳无限好',246,1,'陈奕迅-夕阳无限好.flac','/Volumes/MdieaLib/音乐库/陈奕迅-夕阳无限好.flac','','','','2024-12-16 14:22:37.473596','2024-12-16 14:22:37.473611'),(875,'习惯说',226,1,'陈奕迅-习惯说.flac','/Volumes/MdieaLib/音乐库/陈奕迅-习惯说.flac','','','','2024-12-16 14:22:37.530708','2024-12-16 14:22:37.530721'),(876,'喜欢一个人',273,1,'陈奕迅-喜欢一个人.flac','/Volumes/MdieaLib/音乐库/陈奕迅-喜欢一个人.flac','','','','2024-12-16 14:22:37.589001','2024-12-16 14:22:37.589016'),(877,'戏迷情人',218,1,'陈奕迅-戏迷情人.flac','/Volumes/MdieaLib/音乐库/陈奕迅-戏迷情人.flac','','','','2024-12-16 14:22:37.654639','2024-12-16 14:22:37.654654'),(878,'下周同样时间（再见）',199,1,'陈奕迅-下周同样时间（再见）.flac','/Volumes/MdieaLib/音乐库/陈奕迅-下周同样时间（再见）.flac','','','','2024-12-16 14:22:37.791432','2024-12-16 14:22:37.791446'),(879,'现场直播',302,1,'陈奕迅-现场直播.flac','/Volumes/MdieaLib/音乐库/陈奕迅-现场直播.flac','','','','2024-12-16 14:22:37.857838','2024-12-16 14:22:37.857851'),(880,'相信你的人',274,2,'','','陈奕迅-相信你的人.mp3','/Volumes/MdieaLib/音乐库/陈奕迅-相信你的人.mp3','','2024-12-16 14:22:38.003218','2024-12-16 14:22:38.003234'),(881,'相信相依',244,1,'陈奕迅-相信相依.flac','/Volumes/MdieaLib/音乐库/陈奕迅-相信相依.flac','','','','2024-12-16 14:22:38.034543','2024-12-16 14:22:38.034558'),(882,'相信自己无限极',182,1,'陈奕迅-相信自己无限极.flac','/Volumes/MdieaLib/音乐库/陈奕迅-相信自己无限极.flac','','','','2024-12-16 14:22:38.081596','2024-12-16 14:22:38.081609'),(883,'想哭',214,1,'陈奕迅-想哭.flac','/Volumes/MdieaLib/音乐库/陈奕迅-想哭.flac','','','','2024-12-16 14:22:38.285129','2024-12-16 14:22:38.285146'),(884,'想听',207,1,'陈奕迅-想听.flac','/Volumes/MdieaLib/音乐库/陈奕迅-想听.flac','','','','2024-12-16 14:22:38.343045','2024-12-16 14:22:38.343062'),(885,'像一句广告',240,1,'陈奕迅-像一句广告.flac','/Volumes/MdieaLib/音乐库/陈奕迅-像一句广告.flac','','','','2024-12-16 14:22:38.399127','2024-12-16 14:22:38.399141'),(886,'小孩不懂怕',224,1,'陈奕迅-小孩不懂怕.flac','/Volumes/MdieaLib/音乐库/陈奕迅-小孩不懂怕.flac','','','','2024-12-16 14:22:38.461057','2024-12-16 14:22:38.461071'),(887,'笑死朕',198,1,'陈奕迅-笑死朕.flac','/Volumes/MdieaLib/音乐库/陈奕迅-笑死朕.flac','','','','2024-12-16 14:22:38.603219','2024-12-16 14:22:38.603240'),(888,'谢谢',300,1,'陈奕迅-谢谢.flac','/Volumes/MdieaLib/音乐库/陈奕迅-谢谢.flac','','','','2024-12-16 14:22:38.649389','2024-12-16 14:22:38.649405'),(889,'谢谢侬',260,1,'陈奕迅-谢谢侬.flac','/Volumes/MdieaLib/音乐库/陈奕迅-谢谢侬.flac','','','','2024-12-16 14:22:38.699495','2024-12-16 14:22:38.699509'),(890,'心的距离',321,1,'陈奕迅-心的距离.flac','/Volumes/MdieaLib/音乐库/陈奕迅-心的距离.flac','','','','2024-12-16 14:22:38.755089','2024-12-16 14:22:38.755102'),(891,'心腹',203,1,'陈奕迅-心腹.flac','/Volumes/MdieaLib/音乐库/陈奕迅-心腹.flac','','','','2024-12-16 14:22:38.872855','2024-12-16 14:22:38.872868'),(892,'心里有鬼',226,1,'陈奕迅-心里有鬼.flac','/Volumes/MdieaLib/音乐库/陈奕迅-心里有鬼.flac','','','','2024-12-16 14:22:38.964925','2024-12-16 14:22:38.964938'),(893,'心烧',224,1,'陈奕迅-心烧.flac','/Volumes/MdieaLib/音乐库/陈奕迅-心烧.flac','','','','2024-12-16 14:22:39.070856','2024-12-16 14:22:39.070870'),(894,'心深伤透',249,1,'陈奕迅-心深伤透.flac','/Volumes/MdieaLib/音乐库/陈奕迅-心深伤透.flac','','','','2024-12-16 14:22:39.136139','2024-12-16 14:22:39.136155'),(895,'新广告歌',211,1,'陈奕迅-新广告歌.flac','/Volumes/MdieaLib/音乐库/陈奕迅-新广告歌.flac','','','','2024-12-16 14:22:39.200773','2024-12-16 14:22:39.200785'),(896,'新美人主义',218,1,'陈奕迅-新美人主义.flac','/Volumes/MdieaLib/音乐库/陈奕迅-新美人主义.flac','','','','2024-12-16 14:22:39.265039','2024-12-16 14:22:39.265055'),(897,'新曲+精选',264,1,'陈奕迅-新曲+精选.flac','/Volumes/MdieaLib/音乐库/陈奕迅-新曲+精选.flac','','','','2024-12-16 14:22:39.322873','2024-12-16 14:22:39.322887'),(898,'新生活',227,1,'陈奕迅-新生活.flac','/Volumes/MdieaLib/音乐库/陈奕迅-新生活.flac','','','','2024-12-16 14:22:39.383582','2024-12-16 14:22:39.383597'),(899,'信任',209,1,'陈奕迅-信任.flac','/Volumes/MdieaLib/音乐库/陈奕迅-信任.flac','','','','2024-12-16 14:22:39.449339','2024-12-16 14:22:39.449364'),(900,'信心花舍',202,1,'陈奕迅-信心花舍.flac','/Volumes/MdieaLib/音乐库/陈奕迅-信心花舍.flac','','','','2024-12-16 14:22:39.526946','2024-12-16 14:22:39.526961'),(901,'幸福摩天轮',445,1,'陈奕迅-幸福摩天轮.flac','/Volumes/MdieaLib/音乐库/陈奕迅-幸福摩天轮.flac','','','','2024-12-16 14:22:39.584847','2024-12-16 14:22:39.584860'),(902,'幸灾乐祸',207,1,'陈奕迅-幸灾乐祸.flac','/Volumes/MdieaLib/音乐库/陈奕迅-幸灾乐祸.flac','','','','2024-12-16 14:22:39.647868','2024-12-16 14:22:39.647884'),(903,'兄妹',209,1,'陈奕迅-兄妹.flac','/Volumes/MdieaLib/音乐库/陈奕迅-兄妹.flac','','','','2024-12-16 14:22:39.702660','2024-12-16 14:22:39.702676'),(904,'呀边个边个',185,1,'陈奕迅-呀边个边个.flac','/Volumes/MdieaLib/音乐库/陈奕迅-呀边个边个.flac','','','','2024-12-16 14:22:39.746237','2024-12-16 14:22:39.746251'),(905,'烟味',265,1,'陈奕迅-烟味.flac','/Volumes/MdieaLib/音乐库/陈奕迅-烟味.flac','','','','2024-12-16 14:22:39.802927','2024-12-16 14:22:39.802945'),(906,'演唱会',156,1,'陈奕迅-演唱会.flac','/Volumes/MdieaLib/音乐库/陈奕迅-演唱会.flac','','','','2024-12-16 14:22:39.847576','2024-12-16 14:22:39.847591'),(907,'阳性反应',14,1,'陈奕迅-阳性反应.flac','/Volumes/MdieaLib/音乐库/陈奕迅-阳性反应.flac','','','','2024-12-16 14:22:39.883675','2024-12-16 14:22:39.883691'),(908,'要你的',224,1,'陈奕迅-要你的.flac','/Volumes/MdieaLib/音乐库/陈奕迅-要你的.flac','','','','2024-12-16 14:22:39.942525','2024-12-16 14:22:39.942541'),(909,'叶问风中转',368,1,'陈奕迅-叶问风中转.flac','/Volumes/MdieaLib/音乐库/陈奕迅-叶问风中转.flac','','','','2024-12-16 14:22:40.074747','2024-12-16 14:22:40.074764'),(910,'一个灵魂的独白',303,1,'陈奕迅-一个灵魂的独白.flac','/Volumes/MdieaLib/音乐库/陈奕迅-一个灵魂的独白.flac','','','','2024-12-16 14:22:40.234139','2024-12-16 14:22:40.234155'),(911,'一个旅人',257,1,'陈奕迅-一个旅人.flac','/Volumes/MdieaLib/音乐库/陈奕迅-一个旅人.flac','','','','2024-12-16 14:22:40.280229','2024-12-16 14:22:40.280245'),(912,'一切还好',298,1,'陈奕迅-一切还好.flac','/Volumes/MdieaLib/音乐库/陈奕迅-一切还好.flac','','','','2024-12-16 14:22:40.328957','2024-12-16 14:22:40.328974'),(913,'一生中最爱',268,1,'陈奕迅-一生中最爱.flac','/Volumes/MdieaLib/音乐库/陈奕迅-一生中最爱.flac','','','','2024-12-16 14:22:40.466575','2024-12-16 14:22:40.466598'),(914,'一夜销魂',256,1,'陈奕迅-一夜销魂.flac','/Volumes/MdieaLib/音乐库/陈奕迅-一夜销魂.flac','','','','2024-12-16 14:22:40.730442','2024-12-16 14:22:40.730456'),(915,'吟游诗人',286,1,'陈奕迅-吟游诗人.flac','/Volumes/MdieaLib/音乐库/陈奕迅-吟游诗人.flac','','','','2024-12-16 14:22:40.925223','2024-12-16 14:22:40.925237'),(916,'游离份子',299,1,'陈奕迅-游离份子.flac','/Volumes/MdieaLib/音乐库/陈奕迅-游离份子.flac','','','','2024-12-16 14:22:40.974961','2024-12-16 14:22:40.974976'),(917,'游移的伤口',85,1,'陈奕迅-游移的伤口.flac','/Volumes/MdieaLib/音乐库/陈奕迅-游移的伤口.flac','','','','2024-12-16 14:22:41.076067','2024-12-16 14:22:41.076081'),(918,'有了你',172,1,'陈奕迅-有了你.flac','/Volumes/MdieaLib/音乐库/陈奕迅-有了你.flac','','','','2024-12-16 14:22:41.138649','2024-12-16 14:22:41.138664'),(919,'有意无意',221,1,'陈奕迅-有意无意.flac','/Volumes/MdieaLib/音乐库/陈奕迅-有意无意.flac','','','','2024-12-16 14:22:41.193164','2024-12-16 14:22:41.193177'),(920,'右上角',209,1,'陈奕迅-右上角.flac','/Volumes/MdieaLib/音乐库/陈奕迅-右上角.flac','','','','2024-12-16 14:22:41.218735','2024-12-16 14:22:41.218749'),(921,'于心有愧',238,1,'陈奕迅-于心有愧.flac','/Volumes/MdieaLib/音乐库/陈奕迅-于心有愧.flac','','','','2024-12-16 14:22:41.277891','2024-12-16 14:22:41.277909'),(922,'娱乐天空',363,1,'陈奕迅-娱乐天空.flac','/Volumes/MdieaLib/音乐库/陈奕迅-娱乐天空.flac','','','','2024-12-16 14:22:41.330634','2024-12-16 14:22:41.330651'),(923,'愚人快乐',254,1,'陈奕迅-愚人快乐.flac','/Volumes/MdieaLib/音乐库/陈奕迅-愚人快乐.flac','','','','2024-12-16 14:22:41.402859','2024-12-16 14:22:41.402873'),(924,'与我常在',276,1,'陈奕迅-与我常在.flac','/Volumes/MdieaLib/音乐库/陈奕迅-与我常在.flac','','','','2024-12-16 14:22:41.521143','2024-12-16 14:22:41.521157'),(925,'遇见了你',252,1,'陈奕迅-遇见了你.flac','/Volumes/MdieaLib/音乐库/陈奕迅-遇见了你.flac','','','','2024-12-16 14:22:41.575924','2024-12-16 14:22:41.575937'),(926,'愈想愈无谓',301,1,'陈奕迅-愈想愈无谓.flac','/Volumes/MdieaLib/音乐库/陈奕迅-愈想愈无谓.flac','','','','2024-12-16 14:22:41.710424','2024-12-16 14:22:41.710441'),(927,'冤家',256,1,'陈奕迅-冤家.flac','/Volumes/MdieaLib/音乐库/陈奕迅-冤家.flac','','','','2024-12-16 14:22:41.798296','2024-12-16 14:22:41.798313'),(928,'冤气',261,1,'陈奕迅-冤气.flac','/Volumes/MdieaLib/音乐库/陈奕迅-冤气.flac','','','','2024-12-16 14:22:41.893252','2024-12-16 14:22:41.893266'),(929,'原来这里没有你',314,1,'陈奕迅-原来这里没有你.flac','/Volumes/MdieaLib/音乐库/陈奕迅-原来这里没有你.flac','','','','2024-12-16 14:22:41.973681','2024-12-16 14:22:41.973694'),(930,'远在咫尺',258,1,'陈奕迅-远在咫尺.flac','/Volumes/MdieaLib/音乐库/陈奕迅-远在咫尺.flac','','','','2024-12-16 14:22:42.060028','2024-12-16 14:22:42.060047'),(931,'月黑风高',276,1,'陈奕迅-月黑风高.flac','/Volumes/MdieaLib/音乐库/陈奕迅-月黑风高.flac','','','','2024-12-16 14:22:42.164504','2024-12-16 14:22:42.164516'),(932,'月球上的人',222,1,'陈奕迅-月球上的人.flac','/Volumes/MdieaLib/音乐库/陈奕迅-月球上的人.flac','','','','2024-12-16 14:22:42.271492','2024-12-16 14:22:42.271508'),(933,'粤语残片',278,1,'陈奕迅-粤语残片.flac','/Volumes/MdieaLib/音乐库/陈奕迅-粤语残片.flac','','','','2024-12-16 14:22:42.356004','2024-12-16 14:22:42.356020'),(934,'在你身边',253,1,'陈奕迅-在你身边.flac','/Volumes/MdieaLib/音乐库/陈奕迅-在你身边.flac','','','','2024-12-16 14:22:42.435833','2024-12-16 14:22:42.435847'),(935,'在这个世界相遇',309,1,'陈奕迅-在这个世界相遇.flac','/Volumes/MdieaLib/音乐库/陈奕迅-在这个世界相遇.flac','','','','2024-12-16 14:22:42.528167','2024-12-16 14:22:42.528183'),(936,'早开的长途班',222,1,'陈奕迅-早开的长途班.flac','/Volumes/MdieaLib/音乐库/陈奕迅-早开的长途班.flac','','','','2024-12-16 14:22:42.613440','2024-12-16 14:22:42.613461'),(937,'张氏情歌',246,1,'陈奕迅-张氏情歌.flac','/Volumes/MdieaLib/音乐库/陈奕迅-张氏情歌.flac','','','','2024-12-16 14:22:42.688157','2024-12-16 14:22:42.688170'),(938,'这样的一个麻烦',237,1,'陈奕迅-这样的一个麻烦.flac','/Volumes/MdieaLib/音乐库/陈奕迅-这样的一个麻烦.flac','','','','2024-12-16 14:22:42.774095','2024-12-16 14:22:42.774111'),(939,'真相',197,1,'陈奕迅-真相.flac','/Volumes/MdieaLib/音乐库/陈奕迅-真相.flac','','','','2024-12-16 14:22:42.867981','2024-12-16 14:22:42.867995'),(940,'之外',239,1,'陈奕迅-之外.flac','/Volumes/MdieaLib/音乐库/陈奕迅-之外.flac','','','','2024-12-16 14:22:42.952439','2024-12-16 14:22:42.952460'),(941,'致明日的舞',210,2,'','','陈奕迅-致明日的舞.mp3','/Volumes/MdieaLib/音乐库/陈奕迅-致明日的舞.mp3','','2024-12-16 14:22:43.109406','2024-12-16 14:22:43.109420'),(942,'终于一百日',268,1,'陈奕迅-终于一百日.flac','/Volumes/MdieaLib/音乐库/陈奕迅-终于一百日.flac','','','','2024-12-16 14:22:43.164556','2024-12-16 14:22:43.164569'),(943,'重口味',238,1,'陈奕迅-重口味.flac','/Volumes/MdieaLib/音乐库/陈奕迅-重口味.flac','','','','2024-12-16 14:22:43.241706','2024-12-16 14:22:43.241720'),(944,'主旋律',293,1,'陈奕迅-主旋律.flac','/Volumes/MdieaLib/音乐库/陈奕迅-主旋律.flac','','','','2024-12-16 14:22:43.363780','2024-12-16 14:22:43.363793'),(945,'专家话',232,1,'陈奕迅-专家话.flac','/Volumes/MdieaLib/音乐库/陈奕迅-专家话.flac','','','','2024-12-16 14:22:43.463344','2024-12-16 14:22:43.463358'),(946,'最后的嬉皮士',213,1,'陈奕迅-最后的嬉皮士.flac','/Volumes/MdieaLib/音乐库/陈奕迅-最后的嬉皮士.flac','','','','2024-12-16 14:22:43.538838','2024-12-16 14:22:43.538851'),(947,'最后今晚',230,1,'陈奕迅-最后今晚.flac','/Volumes/MdieaLib/音乐库/陈奕迅-最后今晚.flac','','','','2024-12-16 14:22:43.615310','2024-12-16 14:22:43.615326'),(948,'Allegro Opus 3.3am',185,1,'陈奕迅-Allegro Opus 3.flac','/Volumes/MdieaLib/音乐库/陈奕迅-Allegro Opus 3.flac','','','','2024-12-16 14:22:43.933618','2024-12-16 14:22:43.933632'),(949,'Aren\'t You Glad',285,1,'陈奕迅-Aren\'t You Glad.flac','/Volumes/MdieaLib/音乐库/陈奕迅-Aren\'t You Glad.flac','','','','2024-12-16 14:22:44.036705','2024-12-16 14:22:44.036718'),(950,'Baby Song',198,1,'陈奕迅-Baby Song.flac','/Volumes/MdieaLib/音乐库/陈奕迅-Baby Song.flac','','','','2024-12-16 14:22:44.143642','2024-12-16 14:22:44.143659'),(951,'Because You\'re Good To Me',219,1,'陈奕迅-Because You\'re Good To Me.flac','/Volumes/MdieaLib/音乐库/陈奕迅-Because You\'re Good To Me.flac','','','','2024-12-16 14:22:44.239153','2024-12-16 14:22:44.239167'),(952,'City Of Hope',187,2,'','','陈奕迅-City Of Hope.mp3','/Volumes/MdieaLib/音乐库/陈奕迅-City Of Hope.mp3','','2024-12-16 14:22:44.341060','2024-12-16 14:22:44.341075'),(953,'Class (Extended Version)',322,1,'陈奕迅-Class (Extended Version).flac','/Volumes/MdieaLib/音乐库/陈奕迅-Class (Extended Version).flac','','','','2024-12-16 14:22:44.439681','2024-12-16 14:22:44.439694'),(954,'Class',191,1,'陈奕迅-Class.flac','/Volumes/MdieaLib/音乐库/陈奕迅-Class.flac','','','','2024-12-16 14:22:44.539122','2024-12-16 14:22:44.539136'),(955,'Crying in the Party',253,1,'陈奕迅-Crying in the Party.flac','/Volumes/MdieaLib/音乐库/陈奕迅-Crying in the Party.flac','','','','2024-12-16 14:22:44.649043','2024-12-16 14:22:44.649062'),(956,'Eason\'s Angel',50,1,'陈奕迅-Eason\'s Angel.flac','/Volumes/MdieaLib/音乐库/陈奕迅-Eason\'s Angel.flac','','','','2024-12-16 14:22:44.754922','2024-12-16 14:22:44.754938'),(957,'Good Times',504,1,'陈奕迅-Good Times.flac','/Volumes/MdieaLib/音乐库/陈奕迅-Good Times.flac','','','','2024-12-16 14:22:44.845967','2024-12-16 14:22:44.845981'),(958,'Hippie',290,1,'陈奕迅-Hippie.flac','/Volumes/MdieaLib/音乐库/陈奕迅-Hippie.flac','','','','2024-12-16 14:22:44.938619','2024-12-16 14:22:44.938635'),(959,'Hit List',421,1,'陈奕迅-Hit List.flac','/Volumes/MdieaLib/音乐库/陈奕迅-Hit List.flac','','','','2024-12-16 14:22:45.047544','2024-12-16 14:22:45.047559'),(960,'I Do',249,2,'','','陈奕迅-I Do.mp3','/Volumes/MdieaLib/音乐库/陈奕迅-I Do.mp3','','2024-12-16 14:22:45.163706','2024-12-16 14:22:45.163722'),(961,'K歌之王',218,1,'陈奕迅-K歌之王1.flac','/Volumes/MdieaLib/音乐库/陈奕迅-K歌之王1.flac','','','','2024-12-16 14:22:45.274034','2024-12-16 14:22:45.274051'),(962,'Katrina',231,1,'陈奕迅-Katrina.flac','/Volumes/MdieaLib/音乐库/陈奕迅-Katrina.flac','','','','2024-12-16 14:22:45.372028','2024-12-16 14:22:45.372042'),(963,'King Kong',200,1,'陈奕迅-King Kong.flac','/Volumes/MdieaLib/音乐库/陈奕迅-King Kong.flac','','','','2024-12-16 14:22:45.459230','2024-12-16 14:22:45.459244'),(964,'Last Order',238,1,'陈奕迅-Last Order.flac','/Volumes/MdieaLib/音乐库/陈奕迅-Last Order.flac','','','','2024-12-16 14:22:45.537988','2024-12-16 14:22:45.538001'),(965,'Let It Out',242,1,'陈奕迅-Let It Out.flac','/Volumes/MdieaLib/音乐库/陈奕迅-Let It Out.flac','','','','2024-12-16 14:22:45.635430','2024-12-16 14:22:45.635445'),(966,'Life Goes On',221,1,'陈奕迅-Life Goes On.flac','/Volumes/MdieaLib/音乐库/陈奕迅-Life Goes On.flac','','','','2024-12-16 14:22:45.738882','2024-12-16 14:22:45.738897'),(967,'Lonely Christmas',281,1,'陈奕迅-Lonely Christmas.flac','/Volumes/MdieaLib/音乐库/陈奕迅-Lonely Christmas.flac','','','','2024-12-16 14:22:45.826871','2024-12-16 14:22:45.826884'),(968,'Made In Hong Kong',256,1,'陈奕迅-Made In Hong Kong.flac','/Volumes/MdieaLib/音乐库/陈奕迅-Made In Hong Kong.flac','','','','2024-12-16 14:22:45.937052','2024-12-16 14:22:45.937066'),(969,'Medley:太空漫游+美丽有罪+打得火热+第五个现代化+随意门(Live)',985,1,'陈奕迅-Medley：太空漫游+美丽有罪+打得火热+第五个现代化+随意门(Live).flac','/Volumes/MdieaLib/音乐库/陈奕迅-Medley：太空漫游+美丽有罪+打得火热+第五个现代化+随意门(Live).flac','','','','2024-12-16 14:22:46.032621','2024-12-16 14:22:46.032637'),(970,'Muffin Man',259,1,'陈奕迅-Muffin Man.flac','/Volumes/MdieaLib/音乐库/陈奕迅-Muffin Man.flac','','','','2024-12-16 14:22:46.114585','2024-12-16 14:22:46.114601'),(971,'New Order',254,1,'陈奕迅-New Order.flac','/Volumes/MdieaLib/音乐库/陈奕迅-New Order.flac','','','','2024-12-16 14:22:46.226067','2024-12-16 14:22:46.226081'),(972,'Nothing Ever Happened',196,1,'陈奕迅-Nothing Ever Happened.flac','/Volumes/MdieaLib/音乐库/陈奕迅-Nothing Ever Happened.flac','','','','2024-12-16 14:22:46.305714','2024-12-16 14:22:46.305734'),(973,'Se Voul Ballare',141,1,'陈奕迅-Se Voul Ballare.flac','/Volumes/MdieaLib/音乐库/陈奕迅-Se Voul Ballare.flac','','','','2024-12-16 14:22:46.335202','2024-12-16 14:22:46.335218'),(974,'Shall We Dance',202,1,'陈奕迅-Shall We Dance.flac','/Volumes/MdieaLib/音乐库/陈奕迅-Shall We Dance.flac','','','','2024-12-16 14:22:46.436493','2024-12-16 14:22:46.436511'),(975,'Shall We Talk',227,1,'陈奕迅-Shall We Talk.flac','/Volumes/MdieaLib/音乐库/陈奕迅-Shall We Talk.flac','','','','2024-12-16 14:22:46.502522','2024-12-16 14:22:46.502535'),(976,'Sleep Alone',145,1,'陈奕迅-Sleep Alone.flac','/Volumes/MdieaLib/音乐库/陈奕迅-Sleep Alone.flac','','','','2024-12-16 14:22:46.605270','2024-12-16 14:22:46.605286'),(977,'Special Thanks To 1',66,1,'陈奕迅-Special Thanks To 1.flac','/Volumes/MdieaLib/音乐库/陈奕迅-Special Thanks To 1.flac','','','','2024-12-16 14:22:46.716399','2024-12-16 14:22:46.716413'),(978,'Special Thanks To 2',40,1,'陈奕迅-Special Thanks To 2.flac','/Volumes/MdieaLib/音乐库/陈奕迅-Special Thanks To 2.flac','','','','2024-12-16 14:22:46.869235','2024-12-16 14:22:46.869253'),(979,'Special Thanks To 3',62,1,'陈奕迅-Special Thanks To 3.flac','/Volumes/MdieaLib/音乐库/陈奕迅-Special Thanks To 3.flac','','','','2024-12-16 14:22:46.954173','2024-12-16 14:22:46.954189'),(980,'到此一游',236,1,'陈奕迅&苦荣-到此一游.flac','/Volumes/MdieaLib/音乐库/陈奕迅&苦荣-到此一游.flac','','','','2024-12-16 14:22:47.110590','2024-12-16 14:22:47.110604'),(981,'孤儿仔',223,1,'陈奕迅&苦荣-孤儿仔.flac','/Volumes/MdieaLib/音乐库/陈奕迅&苦荣-孤儿仔.flac','','','','2024-12-16 14:22:47.200044','2024-12-16 14:22:47.200056'),(982,'五星级迫爆',182,1,'陈奕迅&苦荣&小苦妹&吴君如-五星级迫爆.flac','/Volumes/MdieaLib/音乐库/陈奕迅&苦荣&小苦妹&吴君如-五星级迫爆.flac','','','','2024-12-16 14:22:47.287860','2024-12-16 14:22:47.287882'),(983,'寻人',146,1,'陈奕迅&苦荣&小苦妹&吴君如-寻人.flac','/Volumes/MdieaLib/音乐库/陈奕迅&苦荣&小苦妹&吴君如-寻人.flac','','','','2024-12-16 14:22:47.363431','2024-12-16 14:22:47.363447'),(984,'超人的主题曲 + *捞人',299,1,'陈奕迅&梁汉文-超人的主题曲 + .捞人.flac','/Volumes/MdieaLib/音乐库/陈奕迅&梁汉文-超人的主题曲 + .捞人.flac','','','','2024-12-16 14:22:47.455669','2024-12-16 14:22:47.455683'),(985,'讲男讲女',287,1,'陈奕迅&露云娜-讲男讲女.flac','/Volumes/MdieaLib/音乐库/陈奕迅&露云娜-讲男讲女.flac','','','','2024-12-16 14:22:47.542340','2024-12-16 14:22:47.542359'),(986,'我杯茶',235,1,'陈奕迅&莫文蔚-我杯茶.flac','/Volumes/MdieaLib/音乐库/陈奕迅&莫文蔚-我杯茶.flac','','','','2024-12-16 14:22:47.635221','2024-12-16 14:22:47.635236'),(987,'一疋布',178,1,'陈奕迅&小苦妹-一疋布.flac','/Volumes/MdieaLib/音乐库/陈奕迅&小苦妹-一疋布.flac','','','','2024-12-16 14:22:47.714021','2024-12-16 14:22:47.714036'),(988,'细路',263,1,'陈奕迅&谢霆锋-细路.flac','/Volumes/MdieaLib/音乐库/陈奕迅&谢霆锋-细路.flac','','','','2024-12-16 14:22:47.839427','2024-12-16 14:22:47.839449'),(989,'天下太平',251,1,'陈奕迅&张学友-天下太平.flac','/Volumes/MdieaLib/音乐库/陈奕迅&张学友-天下太平.flac','','','','2024-12-16 14:22:47.916691','2024-12-16 14:22:47.916708'),(990,'8∶15pm',16,1,'陈奕迅&eason and the duo band-8∶15pm.flac','/Volumes/MdieaLib/音乐库/陈奕迅&eason and the duo band-8∶15pm.flac','','','','2024-12-16 14:22:47.985263','2024-12-16 14:22:47.985276'),(991,'蠢',185,1,'陈奕迅&eason and the duo band-蠢.flac','/Volumes/MdieaLib/音乐库/陈奕迅&eason and the duo band-蠢.flac','','','','2024-12-16 14:22:48.068169','2024-12-16 14:22:48.068189'),(992,'疯狂的朋友',236,1,'陈奕迅&eason and the duo band-疯狂的朋友.flac','/Volumes/MdieaLib/音乐库/陈奕迅&eason and the duo band-疯狂的朋友.flac','','','','2024-12-16 14:22:48.155629','2024-12-16 14:22:48.155644'),(993,'海里睡人',257,1,'陈奕迅&eason and the duo band-海里睡人.flac','/Volumes/MdieaLib/音乐库/陈奕迅&eason and the duo band-海里睡人.flac','','','','2024-12-16 14:22:48.271672','2024-12-16 14:22:48.271691'),(994,'渐渐',277,1,'陈奕迅&eason and the duo band-渐渐.flac','/Volumes/MdieaLib/音乐库/陈奕迅&eason and the duo band-渐渐.flac','','','','2024-12-16 14:22:48.355495','2024-12-16 14:22:48.355510'),(995,'敬烟',323,1,'陈奕迅&eason and the duo band-敬烟.flac','/Volumes/MdieaLib/音乐库/陈奕迅&eason and the duo band-敬烟.flac','','','','2024-12-16 14:22:48.466695','2024-12-16 14:22:48.466715'),(996,'可一可再',287,1,'陈奕迅&eason and the duo band-可一可再.flac','/Volumes/MdieaLib/音乐库/陈奕迅&eason and the duo band-可一可再.flac','','','','2024-12-16 14:22:48.538020','2024-12-16 14:22:48.538034'),(997,'龙舌兰',285,1,'陈奕迅&eason and the duo band-龙舌兰.flac','/Volumes/MdieaLib/音乐库/陈奕迅&eason and the duo band-龙舌兰.flac','','','','2024-12-16 14:22:48.624743','2024-12-16 14:22:48.624758'),(998,'破坏王',259,1,'陈奕迅&eason and the duo band-破坏王.flac','/Volumes/MdieaLib/音乐库/陈奕迅&eason and the duo band-破坏王.flac','','','','2024-12-16 14:22:48.803534','2024-12-16 14:22:48.803547'),(999,'我们万岁',236,1,'陈奕迅&eason and the duo band-我们万岁.flac','/Volumes/MdieaLib/音乐库/陈奕迅&eason and the duo band-我们万岁.flac','','','','2024-12-16 14:22:48.871703','2024-12-16 14:22:48.871718'),(1000,'与你常在',298,1,'陈奕迅&eason and the duo band-与你常在.flac','/Volumes/MdieaLib/音乐库/陈奕迅&eason and the duo band-与你常在.flac','','','','2024-12-16 14:22:48.948687','2024-12-16 14:22:48.948704'),(1001,'Devotion (Interlude)',35,1,'陈奕迅&eason and the duo band-Devotion (Interlude).flac','/Volumes/MdieaLib/音乐库/陈奕迅&eason and the duo band-Devotion (Interlude).flac','','','','2024-12-16 14:22:49.005582','2024-12-16 14:22:49.005597'),(1002,'Originality  (Interlude)',59,1,'陈奕迅&eason and the duo band-Originality  (Interlude).flac','/Volumes/MdieaLib/音乐库/陈奕迅&eason and the duo band-Originality  (Interlude).flac','','','','2024-12-16 14:22:49.071150','2024-12-16 14:22:49.071175'),(1003,'R U N',250,1,'陈奕迅&eason and the duo band-R U N.flac','/Volumes/MdieaLib/音乐库/陈奕迅&eason and the duo band-R U N.flac','','','','2024-12-16 14:22:49.128761','2024-12-16 14:22:49.128774'),(1004,'Unity (Interlude)',32,1,'陈奕迅&eason and the duo band-Unity (Interlude).flac','/Volumes/MdieaLib/音乐库/陈奕迅&eason and the duo band-Unity (Interlude).flac','','','','2024-12-16 14:22:49.194279','2024-12-16 14:22:49.194293'),(1005,'主旋律之安魂曲',294,2,'','','陈奕迅&MastaMic&姜丽文-主旋律之安魂曲.mp3','/Volumes/MdieaLib/音乐库/陈奕迅&MastaMic&姜丽文-主旋律之安魂曲.mp3','','2024-12-16 14:22:49.278765','2024-12-16 14:22:49.278787'),(1006,'APT.',169,1,'APT. - ROSÉ Bruno Mars.flac','/Volumes/MdieaLib/音乐库/APT. - ROSÉ Bruno Mars.flac','APT. - ROSÉ Bruno Mars.mp3','/Volumes/MdieaLib/音乐库/APT. - ROSÉ Bruno Mars.mp3','','2024-12-16 14:22:49.415219','2024-12-16 14:22:49.561982'),(1007,'我的楼兰',329,1,'云朵 - 我的楼兰.flac','/Volumes/MdieaLib/音乐库/云朵 - 我的楼兰.flac','云朵 - 我的楼兰.mp3','/Volumes/MdieaLib/音乐库/云朵 - 我的楼兰.mp3','','2024-12-16 14:22:49.653458','2024-12-16 14:22:49.724427'),(1008,'Turn The Page',157,1,'Sam Lin - Turn The Page.flac','/Volumes/MdieaLib/音乐库/Sam Lin - Turn The Page.flac','Sam Lin - Turn The Page.mp3','/Volumes/MdieaLib/音乐库/Sam Lin - Turn The Page.mp3','','2024-12-16 14:22:49.796050','2024-12-16 14:22:49.896056'),(1009,'问DJ (如果女人)',191,1,'于春洋,DJ阿布 - 问 (DJ版如果女人).flac','/Volumes/MdieaLib/音乐库/于春洋,DJ阿布 - 问 (DJ版如果女人).flac','于春洋,DJ阿布 - 问 (DJ版如果女人).mp3','/Volumes/MdieaLib/音乐库/于春洋,DJ阿布 - 问 (DJ版如果女人).mp3','','2024-12-16 14:22:49.974041','2024-12-16 14:22:50.071283'),(1010,'吻得太逼真(DJ版)',173,1,'弹棉花的小花 - 吻得太逼真(DJ版).flac','/Volumes/MdieaLib/音乐库/弹棉花的小花 - 吻得太逼真(DJ版).flac','弹棉花的小花 - 吻得太逼真(DJ版).mp3','/Volumes/MdieaLib/音乐库/弹棉花的小花 - 吻得太逼真(DJ版).mp3','','2024-12-16 14:22:50.186706','2024-12-16 14:22:50.239835'),(1011,'see you tomorrow',210,1,'Versutus - see you tomorrow.flac','/Volumes/MdieaLib/音乐库/Versutus - see you tomorrow.flac','Versutus - see you tomorrow.mp3','/Volumes/MdieaLib/音乐库/Versutus - see you tomorrow.mp3','','2024-12-16 14:22:50.312695','2024-12-16 14:22:50.362148');
/*!40000 ALTER TABLE `app_songmodel` ENABLE KEYS */;
UNLOCK TABLES;

--
-- Table structure for table `auth_group`
--

DROP TABLE IF EXISTS `auth_group`;
/*!40101 SET @saved_cs_client     = @@character_set_client */;
/*!50503 SET character_set_client = utf8mb4 */;
CREATE TABLE `auth_group` (
  `id` int NOT NULL AUTO_INCREMENT,
  `name` varchar(150) NOT NULL,
  PRIMARY KEY (`id`),
  UNIQUE KEY `name` (`name`)
) ENGINE=InnoDB DEFAULT CHARSET=utf8mb4 COLLATE=utf8mb4_0900_ai_ci;
/*!40101 SET character_set_client = @saved_cs_client */;

--
-- Dumping data for table `auth_group`
--

LOCK TABLES `auth_group` WRITE;
/*!40000 ALTER TABLE `auth_group` DISABLE KEYS */;
/*!40000 ALTER TABLE `auth_group` ENABLE KEYS */;
UNLOCK TABLES;

--
-- Table structure for table `auth_group_permissions`
--

DROP TABLE IF EXISTS `auth_group_permissions`;
/*!40101 SET @saved_cs_client     = @@character_set_client */;
/*!50503 SET character_set_client = utf8mb4 */;
CREATE TABLE `auth_group_permissions` (
  `id` bigint NOT NULL AUTO_INCREMENT,
  `group_id` int NOT NULL,
  `permission_id` int NOT NULL,
  PRIMARY KEY (`id`),
  UNIQUE KEY `auth_group_permissions_group_id_permission_id_0cd325b0_uniq` (`group_id`,`permission_id`),
  KEY `auth_group_permissio_permission_id_84c5c92e_fk_auth_perm` (`permission_id`),
  CONSTRAINT `auth_group_permissio_permission_id_84c5c92e_fk_auth_perm` FOREIGN KEY (`permission_id`) REFERENCES `auth_permission` (`id`),
  CONSTRAINT `auth_group_permissions_group_id_b120cbf9_fk_auth_group_id` FOREIGN KEY (`group_id`) REFERENCES `auth_group` (`id`)
) ENGINE=InnoDB DEFAULT CHARSET=utf8mb4 COLLATE=utf8mb4_0900_ai_ci;
/*!40101 SET character_set_client = @saved_cs_client */;

--
-- Dumping data for table `auth_group_permissions`
--

LOCK TABLES `auth_group_permissions` WRITE;
/*!40000 ALTER TABLE `auth_group_permissions` DISABLE KEYS */;
/*!40000 ALTER TABLE `auth_group_permissions` ENABLE KEYS */;
UNLOCK TABLES;

--
-- Table structure for table `auth_permission`
--

DROP TABLE IF EXISTS `auth_permission`;
/*!40101 SET @saved_cs_client     = @@character_set_client */;
/*!50503 SET character_set_client = utf8mb4 */;
CREATE TABLE `auth_permission` (
  `id` int NOT NULL AUTO_INCREMENT,
  `name` varchar(255) NOT NULL,
  `content_type_id` int NOT NULL,
  `codename` varchar(100) NOT NULL,
  PRIMARY KEY (`id`),
  UNIQUE KEY `auth_permission_content_type_id_codename_01ab375a_uniq` (`content_type_id`,`codename`),
  CONSTRAINT `auth_permission_content_type_id_2f476e4b_fk_django_co` FOREIGN KEY (`content_type_id`) REFERENCES `django_content_type` (`id`)
) ENGINE=InnoDB AUTO_INCREMENT=37 DEFAULT CHARSET=utf8mb4 COLLATE=utf8mb4_0900_ai_ci;
/*!40101 SET character_set_client = @saved_cs_client */;

--
-- Dumping data for table `auth_permission`
--

LOCK TABLES `auth_permission` WRITE;
/*!40000 ALTER TABLE `auth_permission` DISABLE KEYS */;
INSERT INTO `auth_permission` VALUES (1,'Can add log entry',1,'add_logentry'),(2,'Can change log entry',1,'change_logentry'),(3,'Can delete log entry',1,'delete_logentry'),(4,'Can view log entry',1,'view_logentry'),(5,'Can add permission',2,'add_permission'),(6,'Can change permission',2,'change_permission'),(7,'Can delete permission',2,'delete_permission'),(8,'Can view permission',2,'view_permission'),(9,'Can add group',3,'add_group'),(10,'Can change group',3,'change_group'),(11,'Can delete group',3,'delete_group'),(12,'Can view group',3,'view_group'),(13,'Can add user',4,'add_user'),(14,'Can change user',4,'change_user'),(15,'Can delete user',4,'delete_user'),(16,'Can view user',4,'view_user'),(17,'Can add content type',5,'add_contenttype'),(18,'Can change content type',5,'change_contenttype'),(19,'Can delete content type',5,'delete_contenttype'),(20,'Can view content type',5,'view_contenttype'),(21,'Can add session',6,'add_session'),(22,'Can change session',6,'change_session'),(23,'Can delete session',6,'delete_session'),(24,'Can view session',6,'view_session'),(25,'Can add artist model',7,'add_artistmodel'),(26,'Can change artist model',7,'change_artistmodel'),(27,'Can delete artist model',7,'delete_artistmodel'),(28,'Can view artist model',7,'view_artistmodel'),(29,'Can add song model',8,'add_songmodel'),(30,'Can change song model',8,'change_songmodel'),(31,'Can delete song model',8,'delete_songmodel'),(32,'Can view song model',8,'view_songmodel'),(33,'Can add song2 artist model',9,'add_song2artistmodel'),(34,'Can change song2 artist model',9,'change_song2artistmodel'),(35,'Can delete song2 artist model',9,'delete_song2artistmodel'),(36,'Can view song2 artist model',9,'view_song2artistmodel');
/*!40000 ALTER TABLE `auth_permission` ENABLE KEYS */;
UNLOCK TABLES;

--
-- Table structure for table `auth_user`
--

DROP TABLE IF EXISTS `auth_user`;
/*!40101 SET @saved_cs_client     = @@character_set_client */;
/*!50503 SET character_set_client = utf8mb4 */;
CREATE TABLE `auth_user` (
  `id` int NOT NULL AUTO_INCREMENT,
  `password` varchar(128) NOT NULL,
  `last_login` datetime(6) DEFAULT NULL,
  `is_superuser` tinyint(1) NOT NULL,
  `username` varchar(150) NOT NULL,
  `first_name` varchar(150) NOT NULL,
  `last_name` varchar(150) NOT NULL,
  `email` varchar(254) NOT NULL,
  `is_staff` tinyint(1) NOT NULL,
  `is_active` tinyint(1) NOT NULL,
  `date_joined` datetime(6) NOT NULL,
  PRIMARY KEY (`id`),
  UNIQUE KEY `username` (`username`)
) ENGINE=InnoDB DEFAULT CHARSET=utf8mb4 COLLATE=utf8mb4_0900_ai_ci;
/*!40101 SET character_set_client = @saved_cs_client */;

--
-- Dumping data for table `auth_user`
--

LOCK TABLES `auth_user` WRITE;
/*!40000 ALTER TABLE `auth_user` DISABLE KEYS */;
/*!40000 ALTER TABLE `auth_user` ENABLE KEYS */;
UNLOCK TABLES;

--
-- Table structure for table `auth_user_groups`
--

DROP TABLE IF EXISTS `auth_user_groups`;
/*!40101 SET @saved_cs_client     = @@character_set_client */;
/*!50503 SET character_set_client = utf8mb4 */;
CREATE TABLE `auth_user_groups` (
  `id` bigint NOT NULL AUTO_INCREMENT,
  `user_id` int NOT NULL,
  `group_id` int NOT NULL,
  PRIMARY KEY (`id`),
  UNIQUE KEY `auth_user_groups_user_id_group_id_94350c0c_uniq` (`user_id`,`group_id`),
  KEY `auth_user_groups_group_id_97559544_fk_auth_group_id` (`group_id`),
  CONSTRAINT `auth_user_groups_group_id_97559544_fk_auth_group_id` FOREIGN KEY (`group_id`) REFERENCES `auth_group` (`id`),
  CONSTRAINT `auth_user_groups_user_id_6a12ed8b_fk_auth_user_id` FOREIGN KEY (`user_id`) REFERENCES `auth_user` (`id`)
) ENGINE=InnoDB DEFAULT CHARSET=utf8mb4 COLLATE=utf8mb4_0900_ai_ci;
/*!40101 SET character_set_client = @saved_cs_client */;

--
-- Dumping data for table `auth_user_groups`
--

LOCK TABLES `auth_user_groups` WRITE;
/*!40000 ALTER TABLE `auth_user_groups` DISABLE KEYS */;
/*!40000 ALTER TABLE `auth_user_groups` ENABLE KEYS */;
UNLOCK TABLES;

--
-- Table structure for table `auth_user_user_permissions`
--

DROP TABLE IF EXISTS `auth_user_user_permissions`;
/*!40101 SET @saved_cs_client     = @@character_set_client */;
/*!50503 SET character_set_client = utf8mb4 */;
CREATE TABLE `auth_user_user_permissions` (
  `id` bigint NOT NULL AUTO_INCREMENT,
  `user_id` int NOT NULL,
  `permission_id` int NOT NULL,
  PRIMARY KEY (`id`),
  UNIQUE KEY `auth_user_user_permissions_user_id_permission_id_14a6b632_uniq` (`user_id`,`permission_id`),
  KEY `auth_user_user_permi_permission_id_1fbb5f2c_fk_auth_perm` (`permission_id`),
  CONSTRAINT `auth_user_user_permi_permission_id_1fbb5f2c_fk_auth_perm` FOREIGN KEY (`permission_id`) REFERENCES `auth_permission` (`id`),
  CONSTRAINT `auth_user_user_permissions_user_id_a95ead1b_fk_auth_user_id` FOREIGN KEY (`user_id`) REFERENCES `auth_user` (`id`)
) ENGINE=InnoDB DEFAULT CHARSET=utf8mb4 COLLATE=utf8mb4_0900_ai_ci;
/*!40101 SET character_set_client = @saved_cs_client */;

--
-- Dumping data for table `auth_user_user_permissions`
--

LOCK TABLES `auth_user_user_permissions` WRITE;
/*!40000 ALTER TABLE `auth_user_user_permissions` DISABLE KEYS */;
/*!40000 ALTER TABLE `auth_user_user_permissions` ENABLE KEYS */;
UNLOCK TABLES;

--
-- Table structure for table `django_admin_log`
--

DROP TABLE IF EXISTS `django_admin_log`;
/*!40101 SET @saved_cs_client     = @@character_set_client */;
/*!50503 SET character_set_client = utf8mb4 */;
CREATE TABLE `django_admin_log` (
  `id` int NOT NULL AUTO_INCREMENT,
  `action_time` datetime(6) NOT NULL,
  `object_id` longtext,
  `object_repr` varchar(200) NOT NULL,
  `action_flag` smallint unsigned NOT NULL,
  `change_message` longtext NOT NULL,
  `content_type_id` int DEFAULT NULL,
  `user_id` int NOT NULL,
  PRIMARY KEY (`id`),
  KEY `django_admin_log_content_type_id_c4bce8eb_fk_django_co` (`content_type_id`),
  KEY `django_admin_log_user_id_c564eba6_fk_auth_user_id` (`user_id`),
  CONSTRAINT `django_admin_log_content_type_id_c4bce8eb_fk_django_co` FOREIGN KEY (`content_type_id`) REFERENCES `django_content_type` (`id`),
  CONSTRAINT `django_admin_log_user_id_c564eba6_fk_auth_user_id` FOREIGN KEY (`user_id`) REFERENCES `auth_user` (`id`),
  CONSTRAINT `django_admin_log_chk_1` CHECK ((`action_flag` >= 0))
) ENGINE=InnoDB DEFAULT CHARSET=utf8mb4 COLLATE=utf8mb4_0900_ai_ci;
/*!40101 SET character_set_client = @saved_cs_client */;

--
-- Dumping data for table `django_admin_log`
--

LOCK TABLES `django_admin_log` WRITE;
/*!40000 ALTER TABLE `django_admin_log` DISABLE KEYS */;
/*!40000 ALTER TABLE `django_admin_log` ENABLE KEYS */;
UNLOCK TABLES;

--
-- Table structure for table `django_content_type`
--

DROP TABLE IF EXISTS `django_content_type`;
/*!40101 SET @saved_cs_client     = @@character_set_client */;
/*!50503 SET character_set_client = utf8mb4 */;
CREATE TABLE `django_content_type` (
  `id` int NOT NULL AUTO_INCREMENT,
  `app_label` varchar(100) NOT NULL,
  `model` varchar(100) NOT NULL,
  PRIMARY KEY (`id`),
  UNIQUE KEY `django_content_type_app_label_model_76bd3d3b_uniq` (`app_label`,`model`)
) ENGINE=InnoDB AUTO_INCREMENT=10 DEFAULT CHARSET=utf8mb4 COLLATE=utf8mb4_0900_ai_ci;
/*!40101 SET character_set_client = @saved_cs_client */;

--
-- Dumping data for table `django_content_type`
--

LOCK TABLES `django_content_type` WRITE;
/*!40000 ALTER TABLE `django_content_type` DISABLE KEYS */;
INSERT INTO `django_content_type` VALUES (1,'admin','logentry'),(7,'app','artistmodel'),(9,'app','song2artistmodel'),(8,'app','songmodel'),(3,'auth','group'),(2,'auth','permission'),(4,'auth','user'),(5,'contenttypes','contenttype'),(6,'sessions','session');
/*!40000 ALTER TABLE `django_content_type` ENABLE KEYS */;
UNLOCK TABLES;

--
-- Table structure for table `django_migrations`
--

DROP TABLE IF EXISTS `django_migrations`;
/*!40101 SET @saved_cs_client     = @@character_set_client */;
/*!50503 SET character_set_client = utf8mb4 */;
CREATE TABLE `django_migrations` (
  `id` bigint NOT NULL AUTO_INCREMENT,
  `app` varchar(255) NOT NULL,
  `name` varchar(255) NOT NULL,
  `applied` datetime(6) NOT NULL,
  PRIMARY KEY (`id`)
) ENGINE=InnoDB AUTO_INCREMENT=21 DEFAULT CHARSET=utf8mb4 COLLATE=utf8mb4_0900_ai_ci;
/*!40101 SET character_set_client = @saved_cs_client */;

--
-- Dumping data for table `django_migrations`
--

LOCK TABLES `django_migrations` WRITE;
/*!40000 ALTER TABLE `django_migrations` DISABLE KEYS */;
INSERT INTO `django_migrations` VALUES (1,'contenttypes','0001_initial','2024-09-06 00:16:52.634782'),(2,'auth','0001_initial','2024-09-06 00:16:52.748719'),(3,'admin','0001_initial','2024-09-06 00:16:52.774792'),(4,'admin','0002_logentry_remove_auto_add','2024-09-06 00:16:52.777723'),(5,'admin','0003_logentry_add_action_flag_choices','2024-09-06 00:16:52.780316'),(6,'app','0001_initial','2024-09-06 00:16:52.805108'),(7,'contenttypes','0002_remove_content_type_name','2024-09-06 00:16:52.821632'),(8,'auth','0002_alter_permission_name_max_length','2024-09-06 00:16:52.833393'),(9,'auth','0003_alter_user_email_max_length','2024-09-06 00:16:52.840834'),(10,'auth','0004_alter_user_username_opts','2024-09-06 00:16:52.844201'),(11,'auth','0005_alter_user_last_login_null','2024-09-06 00:16:52.854261'),(12,'auth','0006_require_contenttypes_0002','2024-09-06 00:16:52.855235'),(13,'auth','0007_alter_validators_add_error_messages','2024-09-06 00:16:52.858195'),(14,'auth','0008_alter_user_username_max_length','2024-09-06 00:16:52.871224'),(15,'auth','0009_alter_user_last_name_max_length','2024-09-06 00:16:52.882758'),(16,'auth','0010_alter_group_name_max_length','2024-09-06 00:16:52.889102'),(17,'auth','0011_update_proxy_permissions','2024-09-06 00:16:52.893123'),(18,'auth','0012_alter_user_first_name_max_length','2024-09-06 00:16:52.905619'),(19,'sessions','0001_initial','2024-09-06 00:16:52.912136'),(20,'app','0002_alter_songmodel_song_id','2024-09-07 08:08:03.358689');
/*!40000 ALTER TABLE `django_migrations` ENABLE KEYS */;
UNLOCK TABLES;

--
-- Table structure for table `django_session`
--

DROP TABLE IF EXISTS `django_session`;
/*!40101 SET @saved_cs_client     = @@character_set_client */;
/*!50503 SET character_set_client = utf8mb4 */;
CREATE TABLE `django_session` (
  `session_key` varchar(40) NOT NULL,
  `session_data` longtext NOT NULL,
  `expire_date` datetime(6) NOT NULL,
  PRIMARY KEY (`session_key`),
  KEY `django_session_expire_date_a5c62663` (`expire_date`)
) ENGINE=InnoDB DEFAULT CHARSET=utf8mb4 COLLATE=utf8mb4_0900_ai_ci;
/*!40101 SET character_set_client = @saved_cs_client */;

--
-- Dumping data for table `django_session`
--

LOCK TABLES `django_session` WRITE;
/*!40000 ALTER TABLE `django_session` DISABLE KEYS */;
/*!40000 ALTER TABLE `django_session` ENABLE KEYS */;
UNLOCK TABLES;
/*!40103 SET TIME_ZONE=@OLD_TIME_ZONE */;

/*!40101 SET SQL_MODE=@OLD_SQL_MODE */;
/*!40014 SET FOREIGN_KEY_CHECKS=@OLD_FOREIGN_KEY_CHECKS */;
/*!40014 SET UNIQUE_CHECKS=@OLD_UNIQUE_CHECKS */;
/*!40101 SET CHARACTER_SET_CLIENT=@OLD_CHARACTER_SET_CLIENT */;
/*!40101 SET CHARACTER_SET_RESULTS=@OLD_CHARACTER_SET_RESULTS */;
/*!40101 SET COLLATION_CONNECTION=@OLD_COLLATION_CONNECTION */;
/*!40111 SET SQL_NOTES=@OLD_SQL_NOTES */;

-- Dump completed on 2024-12-16 22:45:04
